channel,media,title,author,datetime_publish,url
news,經濟日報,資策會估台灣半導體有望年增1.7% 優於全球表現,張建中,2020-06-01 13:00:00,https://money.udn.com/money/story/5612/4605129
news,經濟日報,對流雲系發展旺盛  15縣市大雨特報,余曉涵,2020-06-01 13:00:00,https://money.udn.com/money/story/5621/4605130
news,公視新聞網,彰化一度疫情重災 結合科技迅速查到感染源,"賴淑敏,蔣龍祥",2020-06-01 13:00:00,https://news.pts.org.tw/article/481090
news,公視新聞網,推林下經濟 台東林管處輔導部落養蜂,章明哲,2020-06-01 13:00:00,https://news.pts.org.tw/article/481093
news,公視新聞網,中市違停無障礙.親子車格 檢舉逾600件,"黃千容,彭煥群",2020-06-01 13:00:00,https://news.pts.org.tw/article/481091
news,公視新聞網,明公布振興券實施內容 傳納外配與中配,"朱鳳治,吳其昌",2020-06-01 13:00:00,https://news.pts.org.tw/article/481077
news,自由時報電子報,醫療口罩買賣解禁 指揮中心下午2點說明,即時新聞,2020-06-01 13:00:00,https://news.ltn.com.tw/news/life/breakingnews/3183505
news,公視新聞網,出刊32年走入歷史 聯合晚報明起停刊,"郭俊麟,黃怡菁,郭品慈",2020-06-01 13:00:00,https://news.pts.org.tw/article/481073
news,自由時報電子報,幕後花絮曝光驚人秘密！54歲金喜愛被公開穿「XS號」神話：只能跪了,劉雅嫺,2020-06-01 13:00:00,https://istyle.ltn.com.tw/article/13679
news,公視新聞網,退避權入法 台南率先舉行消防訓練講習,溫正衡,2020-06-01 13:00:00,https://news.pts.org.tw/article/481092
news,公視新聞網,世界環境日前夕 環團籲速成立環境資源部,"林靜梅,陳昌維",2020-06-01 13:00:00,https://news.pts.org.tw/article/481089
news,公視新聞網,港股早盤勁揚.亞股跟進 台股開高走高,公視新聞網,2020-06-01 13:00:00,https://news.pts.org.tw/article/481086
news,公視新聞網,聲援佛洛伊德 桑喬進球脫衣秀字吃黃牌,公視新聞網,2020-06-01 13:00:00,https://news.pts.org.tw/article/481080
news,公視新聞網,高市1特教師遭檢舉不適任 申請介聘遭拒,溫嘉楷,2020-06-01 13:00:00,https://news.pts.org.tw/article/481083
news,公視新聞網,花生收成期遇連日大雨 雲林災損近5成,王威雄,2020-06-01 13:00:00,https://news.pts.org.tw/article/481072
news,中廣新聞網,對流雲系發展旺盛　氣象局對北北基15縣市發大雨特報,中廣新聞網,2020-06-01 13:00:00,http://www.bcc.com.tw/newsView.4223189
news,三立新聞網,聯晚明停刊！周玉蔻曾任採訪主任…曝建議轉型卻被她說一句,政治中心,2020-06-01 13:00:00,https://www.setn.com/News.aspx?NewsID=753988
news,公視新聞網,GCTF5週年 台美日三方發表聯合聲明,公視新聞網,2020-06-01 13:00:00,https://news.pts.org.tw/article/481087
news,科技新報,佛洛伊德之死在美抗議頻傳，Google 決議延期發表 Android 11 Beta,陳 冠榮,2020-06-01 13:00:00,https://technews.tw/2020/06/01/google-delays-the-android-11-beta-announcement-as-protests-roil-us-cities/
news,蕃薯藤yam,胡蘿蔔吃太多會中毒？食藥署揭真相,優活健康網新聞部,2020-06-01 13:00:00,https://n.yam.com/Article/20200601894000
news,公視新聞網,夏季電價啟動 每戶每月平均多410元,公視新聞網,2020-06-01 13:00:00,https://news.pts.org.tw/article/481075
news,公視新聞網,北市今宣布各場館解封 校園仍暫緩開放,"郭采彥,沈志明,/",2020-06-01 13:00:00,https://news.pts.org.tw/article/481078
news,公視新聞網,台中舊市場倉庫深夜大火 26攤位受波及,"林健生,王龍韜",2020-06-01 13:00:00,https://news.pts.org.tw/article/481071
news,HiNet新聞,胡蘿蔔吃太多會中毒？食藥署揭真相,優活健康網,2020-06-01 13:00:00,https://times.hinet.net/news/22921899
news,華視新聞網,各地高溫炎熱夏季電價今啟動,華視新聞網,2020-06-01 13:00:00,https://news.cts.com.tw/cts/weather/202006/202006012002363.html
news,蕃薯藤yam,BLACKPINK成員ROSÉ×LISA×JISOO 確定陸續發行SOLO歌曲,Wow!NEWS,2020-06-01 13:00:00,https://n.yam.com/Article/20200601602037
news,蕃薯藤yam,乳癌檢測新進展！日本神戶大學研發一滴眼淚驗出癌細胞,王芊淩,2020-06-01 13:00:00,https://n.yam.com/Article/20200601915681
news,中國時報電子報,新婚嫩妻3度出軌 遭夫抓姦竟辯：想玩男人,張國欽,2020-06-01 13:00:00,https://www.chinatimes.com/realtimenews/20200601002678-260402
news,PChome新聞,胡蘿蔔吃太多會中毒？食藥署揭真相,優活健康網新聞部／綜合報導,2020-06-01 13:00:00,http://news.pchome.com.tw/healthcare/uho/20200601/index-15909876003350059012.html
news,三立新聞網,見縫插針！美動亂中國隔岸觀火　央視：美政客「報應」來了,簡雪惠,2020-06-01 13:00:00,https://www.setn.com/News.aspx?NewsID=753951
news,奇摩新聞,胡蘿蔔吃太多會中毒？食藥署揭真相,優活健康網,2020-06-01 13:00:00,https://tw.news.yahoo.com/%E8%83%A1%E8%98%BF%E8%94%94%E5%90%83%E5%A4%AA%E5%A4%9A%E6%9C%83%E4%B8%AD%E6%AF%92-%E9%A3%9F%E8%97%A5%E7%BD%B2%E6%8F%AD%E7%9C%9F%E7%9B%B8-050000328.html
news,經濟日報,美中情局解密文件：蔣孝嚴為蔣經國之子,周世惠,2020-06-01 13:00:00,https://money.udn.com/money/story/7307/4605131
news,上報,6/1 口罩解禁！四大超商、家樂福、愛買、好市多 7 家通路販售方式懶人包,林冠伶,2020-06-01 13:00:00,https://www.upmedia.mg/news_info.php?SerialNo=88609
news,新浪新聞,後疫情時代 新加坡成立辦事處力推數位轉型,中央社,2020-06-01 13:00:00,https://news.sina.com.tw/article/20200601/35330302.html
news,經濟日報,對流雲系發展旺盛  15縣市大雨特報,余曉涵,2020-06-01 13:00:00,https://money.udn.com/money/story/12524/4605130
news,奇摩新聞,Samsung 的新一代 Galaxy Watch 被發現在 FCC 出現,Engadget中文版,2020-06-01 13:00:00,https://tw.news.yahoo.com/samsung-%E7%9A%84%E6%96%B0-%E4%BB%A3-galaxy-watch-050000492.html
news,LINE TODAY,傷心、傷腦、還傷體重！10個行動步驟打倒嗜糖壞習慣,凡妮‧哈里（食安運動部落客）,2020-06-01 13:00:00,https://today.line.me/tw/article/傷心、傷腦、還傷體重！10個行動步驟打倒嗜糖壞習慣-zkQDJ7
news,奇摩新聞,對流雲系發展旺盛 氣象局對北北基15縣市發大雨特報,中廣新聞網,2020-06-01 13:00:02,https://tw.news.yahoo.com/%E5%B0%8D%E6%B5%81%E9%9B%B2%E7%B3%BB%E7%99%BC%E5%B1%95%E6%97%BA%E7%9B%9B-%E6%B0%A3%E8%B1%A1%E5%B1%80%E5%B0%8D%E5%8C%97%E5%8C%97%E5%9F%BA15%E7%B8%A3%E5%B8%82%E7%99%BC%E5%A4%A7%E9%9B%A8%E7%89%B9%E5%A0%B1-050002555.html
news,PChome新聞,搶救國旅超前部署 專家建議：與防疫良好國家結盟,【民視新聞】,2020-06-01 13:00:02,http://news.pchome.com.tw/living/ftv/20200601/index-15909876022362719009.html
news,PChome新聞,演員脫口「我中國我驕傲」遭砲轟 劇團回應：遺憾被斷章取義,【民視新聞】,2020-06-01 13:00:02,http://news.pchome.com.tw/living/ftv/20200601/index-15909876024308919009.html
news,engadget中文版,Samsung 的新一代 Galaxy Watch 被發現在 FCC 出現,Eric Chan,2020-06-01 13:00:08,https://chinese.engadget.com/chinese-2020-06-01-samsung-galaxy-watch-2020-fcc.html
news,MSN,1張照洩「比賈靜雯還美」！崔佩儀入圍港都小姐往事曝,王雅惠,2020-06-01 13:00:13,https://www.msn.com/zh-tw/news/other/1張照洩「比賈靜雯還美」！崔佩儀入圍港都小姐往事曝/ar-BB14ReZz
news,PChome新聞,免受排隊購票之苦 新竹林管處轄屬國家森林遊樂區電子門票開賣!,勁報記者羅蔚舟／新竹報導,2020-06-01 13:00:17,http://news.pchome.com.tw/travel/twpowernews/20200601/index-15909876170299047015.html
news,PChome新聞,後疫情時代 新加坡成立辦事處力推數位轉型,中央社新加坡1日綜合外電報導,2020-06-01 13:00:18,http://news.pchome.com.tw/internation/cna/20200601/index-15909876180968718011.html
news,大紀元,紐約投行交易員預計本月下旬回總部上班,黃小堂,2020-06-01 13:00:25,https://www.epochtimes.com/b5/20/6/1/n12151647.htm
news,奇摩新聞,乳癌檢測新進展！日本神戶大學研發一滴眼淚驗出癌細胞,Heho健康網,2020-06-01 13:00:28,https://tw.news.yahoo.com/%E4%B9%B3%E7%99%8C%E6%AA%A2%E6%B8%AC%E6%96%B0%E9%80%B2%E5%B1%95-%E6%97%A5%E6%9C%AC%E7%A5%9E%E6%88%B6%E5%A4%A7%E5%AD%B8%E7%A0%94%E7%99%BC-%E6%BB%B4%E7%9C%BC%E6%B7%9A%E9%A9%97%E5%87%BA%E7%99%8C%E7%B4%B0%E8%83%9E-050028817.html
news,奇摩新聞,救兒落水父遺體找到 妻女崩潰哭斷腸,三立新聞網 setn.com,2020-06-01 13:00:29,https://tw.news.yahoo.com/%E9%9B%99%E6%BA%AA%E6%95%91%E5%85%92%E5%8B%87%E7%88%B6%E6%89%BE%E5%88%B0%E4%BA%86-%E5%A6%BB%E5%A5%B3%E5%B4%A9%E6%BD%B0%E5%93%AD%E6%96%B7%E8%85%B8-041256062.html
news,奇摩新聞,業力迴向 俄中伊朗狂酸美發生反警暴示威潮,Yahoo奇摩（即時新聞）,2020-06-01 13:00:31,https://tw.news.yahoo.com/%E6%A5%AD%E5%8A%9B%E8%BF%B4%E5%90%91-%E4%BF%84%E4%B8%AD%E4%BC%8A%E6%9C%97%E7%8B%82%E9%85%B8%E7%BE%8E%E7%99%BC%E7%94%9F%E5%8F%8D%E8%AD%A6%E6%9A%B4%E7%A4%BA%E5%A8%81%E6%BD%AE-050031416.html
news,民視新聞,後疫情時代國旅抬頭！ 綠委邀產官學座談,民視新聞,2020-06-01 13:00:39,https://www.ftvnews.com.tw/API/MetaInfo.aspx?id=2020601P04M1
news,民視新聞,上波梅雨解渴！日月潭「九蛙」淹了一隻,張家維,2020-06-01 13:00:39,https://www.ftvnews.com.tw/API/MetaInfo.aspx?id=2020601C04M1
news,民視新聞,熱帶風暴襲擊中美洲！薩爾瓦多總統宣布緊急狀態,林昀嫻,2020-06-01 13:00:39,https://www.ftvnews.com.tw/API/MetaInfo.aspx?id=2020601I06M1
news,MSN,w-inds.緒方龍一罹患「身心症」 宣布退團粉絲超錯愕,溫雅雯,2020-06-01 13:00:48,https://www.msn.com/zh-tw/news/national/w-inds緒方龍一罹患「身心症」-宣布退團粉絲超錯愕/ar-BB14RrXD
news,奇摩新聞,w-inds.緒方龍一罹患「身心症」 宣布退團粉絲超錯愕,鏡週刊Mirror Media,2020-06-01 13:00:48,https://tw.news.yahoo.com/w-inds-%E7%B7%92%E6%96%B9%E9%BE%8D-%E7%BD%B9%E6%82%A3-%E8%BA%AB%E5%BF%83%E7%97%87-050048715.html
news,MSN,w-inds.緒方龍一罹患「身心症」 宣布退團粉絲超錯愕,溫雅雯,2020-06-01 13:00:48,https://www.msn.com/zh-tw/news/other/w-inds緒方龍一罹患「身心症」-宣布退團粉絲超錯愕/ar-BB14RrXD
news,JUKSY,誰說男生帶珠寶很娘？你愛的饒舌歌手標配非它不可！讓周湯豪教你這 3 招沒 Gold Chain 照樣霸氣爆棚！,Meihsin,2020-06-01 13:00:57,https://www.juksy.com/archives/100764
news,大紀元,渡邊麻友因健康因素退出演藝圈 公司：莫臆測,曾薇心,2020-06-01 13:00:58,https://www.epochtimes.com/b5/20/6/1/n12151596.htm
news,工商時報,三星電子平澤廠新增NAND Flash產線,陳怡均,2020-06-01 13:01:00,https://m.ctee.com.tw/livenews/gj/ctee/a98628002020060112514325
news,三立新聞網,聯晚停刊　總編王茂臻：勞資會議協商人力精簡,中央社,2020-06-01 13:01:00,https://www.setn.com/News.aspx?NewsID=754018
news,工商時報,紓困59分？藍黨團呼籲發6千現金不排富,郭建志,2020-06-01 13:01:00,https://m.ctee.com.tw/livenews/jj/ctee/a08616002020060112580184
news,三立新聞網,上次是1992洛杉磯大暴動！律師：美國暴動火藥一直存在,李鴻典,2020-06-01 13:01:00,https://www.setn.com/News.aspx?NewsID=753998
news,蕃薯藤yam,BTOB隊長徐恩光首張迷你專輯 預告照展現清新舒適魅力,Wow!NEWS,2020-06-01 13:01:00,https://n.yam.com/Article/20200601777703
news,聯合新聞網,3煞討債萬華當街押人上車 路人報案警追到淡水逮人,賴佩璇,2020-06-01 13:01:00,https://udn.com/news/story/7320/4605142
news,新浪新聞,後疫情時代 電信業面對新常態迎接需求轉變,中央社,2020-06-01 13:01:00,https://news.sina.com.tw/article/20200601/35330308.html
news,MSN,後疫情時代 電信業面對新常態迎接需求轉變,江明晏,2020-06-01 13:01:18,https://www.msn.com/zh-tw/news/other/後疫情時代-電信業面對新常態迎接需求轉變/ar-BB14RvPo
news,PChome新聞,後疫情時代 電信業面對新常態迎接需求轉變,中央社記者江明晏台北1日電,2020-06-01 13:01:18,http://news.pchome.com.tw/finance/cna/20200601/index-15909876783360418003.html
news,遊戲角落,巴哈票選《動物森友會》人氣角色出爐！「傑克、小潤、茶茶丸」遙遙領先,玄軒軒,2020-06-01 13:02:00,https://game.udn.com/game/story/10455/4604750
news,三立新聞網,信箱驚見滿版韓國瑜「建設有成」！高雄人吐實「快吐了」…,政治中心,2020-06-01 13:02:00,https://www.setn.com/News.aspx?NewsID=754016
news,風傳媒,放暑假等同1個多月沒薪水　全教總：代理教師因此不敢生小孩,吳尚軒,2020-06-01 13:02:00,https://www.storm.mg/article/2710841
news,奇摩新聞,路邊鐵櫃搬回家 竟掉出百萬大金塊,華視影音,2020-06-01 13:02:00,https://tw.news.yahoo.com/%E8%B7%AF%E9%82%8A%E9%90%B5%E6%AB%83%E6%90%AC%E5%9B%9E%E5%AE%B6-%E7%AB%9F%E6%8E%89%E5%87%BA%E7%99%BE%E8%90%AC%E5%A4%A7%E9%87%91%E5%A1%8A-050200260.html
news,華視新聞網,路邊鐵櫃搬回家竟掉出百萬大金塊,"徐孟蘭,楊宗穎,謝忠義",2020-06-01 13:02:00,https://news.cts.com.tw/cts/life/202006/202006012002361.html
news,蘋果日報,半價裝假牙生意太好　國稅局查稅揪密醫僅高中肄業,梁雅雯,2020-06-01 13:02:00,https://tw.appledaily.com/local/20200601/DHF5HOCI7VCSAAJB37VCRKON3Q/
news,蘋果日報,​全台首例！彰化本月展開萬人血清檢測　調查社區感染程度,許敏溶,2020-06-01 13:02:00,https://tw.appledaily.com/life/20200601/4572H7BY6KDPEAD4KMXTS3QBBU/
news,東森新聞,死前悲喊「媽媽，媽媽」 佛洛伊德童年照惹哭萬人,謝文哲,2020-06-01 13:02:00,http://news.ebc.net.tw/news/world/212308
news,ETtoday東森新聞雲,日本人覺得台灣超商臭？網一面倒曝關鍵：是這個味道啦！台人反擊了,康心禹,2020-06-01 13:02:00,http://www.ettoday.net/news/20200601/1727077.htm
news,聯合新聞網,環團籲政府盡速成立環境資源部 因應氣候變遷,中央社,2020-06-01 13:02:00,https://udn.com/news/story/7314/4605099
news,中國時報電子報,海巡20年首換新安檢服 5大超強特色曝光,戴志揚,2020-06-01 13:02:00,https://www.chinatimes.com/realtimenews/20200601002677-260402
news,LINE TODAY,路邊鐵櫃搬回家 竟掉出百萬大金塊,華視,2020-06-01 13:02:00,https://today.line.me/tw/article/路邊鐵櫃搬回家 竟掉出百萬大金塊-vGG38m
news,PChome新聞,免受排隊購票之苦 新竹林管處轄屬國家森林遊樂區電子門票開賣!,,2020-06-01 13:02:02,http://news.pchome.com.tw/public/greatnews/20200601/index-59098772246117209016.html
news,MSN,放暑假等同1個多月沒薪水 全教總：代理教師因此不敢生小孩,吳尚軒,2020-06-01 13:02:09,https://www.msn.com/zh-tw/news/other/放暑假等同1個多月沒薪水-全教總代理教師因此不敢生小孩/ar-BB14RAmM
news,自由時報電子報,北市抽查游泳池 8件水樣不合格,蔡思培,2020-06-01 13:02:13,https://news.ltn.com.tw/news/life/breakingnews/3183593
news,工商時報,大同經營權之爭凸顯 禿鷹3招獵食股價低估、股權分散的高資產股,工商時報,2020-06-01 13:02:43,https://ctee.com.tw/industrynews/financesmanage/278453.html
news,奇摩新聞,王品牛排光復南店5／31熄燈！ 營業近21年成歷史,東森新聞影音,2020-06-01 13:02:44,https://tw.news.yahoo.com/%E7%8E%8B%E5%93%81%E7%89%9B%E6%8E%92%E5%85%89%E5%BE%A9%E5%8D%97%E5%BA%975-31%E7%86%84%E7%87%88-%E7%87%9F%E6%A5%AD%E8%BF%9121%E5%B9%B4%E6%88%90%E6%AD%B7%E5%8F%B2-050244334.html
news,華視新聞網,解封出遊去?!台大公衛院推解封指數,"黃敏惠,方起年",2020-06-01 13:03:00,https://news.cts.com.tw/cts/life/202006/202006012002362.html
news,HiNet新聞,感謝航警局嚴守邊境 生技產業公益捐贈防疫物資,大媒體,2020-06-01 13:03:00,https://times.hinet.net/news/22921945
news,蕃薯藤yam,演員柳俊烈受孔曉振推薦 參加獨立藝術電影挑戰,Wow!NEWS,2020-06-01 13:03:00,https://n.yam.com/Article/20200601376294
news,聯合新聞網,竹市民族公園啟用 全區無障礙設計還有環狀鞦韆,王駿杰,2020-06-01 13:03:00,https://udn.com/news/story/7324/4605170
news,奇摩新聞,解封出遊去?! 台大公衛院推解封指數,華視影音,2020-06-01 13:03:00,https://tw.news.yahoo.com/%E8%A7%A3%E5%B0%81%E5%87%BA%E9%81%8A%E5%8E%BB-%E5%8F%B0%E5%A4%A7%E5%85%AC%E8%A1%9B%E9%99%A2%E6%8E%A8%E8%A7%A3%E5%B0%81%E6%8C%87%E6%95%B8-050300091.html
news,奇摩新聞,解封出遊去?! 台大公衛院推解封指數,華視,2020-06-01 13:03:00,https://tw.news.yahoo.com/%E8%A7%A3%E5%B0%81%E5%87%BA%E9%81%8A%E5%8E%BB-%E5%8F%B0%E5%A4%A7%E5%85%AC%E8%A1%9B%E9%99%A2%E6%8E%A8%E8%A7%A3%E5%B0%81%E6%8C%87%E6%95%B8-050300915.html
news,PChome新聞,罷韓投票防疫 須量體溫戴口罩保持社交距離,中央社記者王淑芬高雄1日電,2020-06-01 13:03:18,http://news.pchome.com.tw/politics/cna/20200601/index-15909877985095818001.html
news,奇摩新聞,罷韓投票防疫 須量體溫戴口罩保持社交距離,中央社,2020-06-01 13:03:18,https://tw.news.yahoo.com/%E7%BD%B7%E9%9F%93%E6%8A%95%E7%A5%A8%E9%98%B2%E7%96%AB-%E9%A0%88%E9%87%8F%E9%AB%94%E6%BA%AB%E6%88%B4%E5%8F%A3%E7%BD%A9%E4%BF%9D%E6%8C%81%E7%A4%BE%E4%BA%A4%E8%B7%9D%E9%9B%A2-050318398.html
news,聯合新聞網,舌頭腫脹說話含滷蛋 女國中生得粉瘤就醫,陳玫伶,2020-06-01 13:04:00,https://udn.com/news/story/7266/4605177
news,新頭殼,從五月天看國民黨？ 朱立倫：老品牌不被淘汰,黃建豪,2020-06-01 13:04:00,https://newtalk.tw/news/view/2020-06-01/415006
news,聯合新聞網,6月6日罷韓投票 北市府籲雇主讓勞工返鄉投票,趙宥寧,2020-06-01 13:04:00,https://udn.com/news/story/6656/4605175
news,聯合新聞網,「五月之約」線上演唱會 育幼院童看大螢幕享搖滾區,鄭國樑,2020-06-01 13:04:00,https://udn.com/news/story/7324/4605178
news,TVBS新聞,昔日甜蜜姊弟戀收場！　女控男友兩度施暴,,2020-06-01 13:04:00,http://news.tvbs.com.tw/local/1332665
news,蕃薯藤yam,DIA將以5人組小分隊回歸 並非完整體令粉絲感到遺憾,Wow!NEWS,2020-06-01 13:04:00,https://n.yam.com/Article/20200601699218
news,中央廣播電台新聞,                                                美中情局解密文件：蔣孝嚴為蔣經國之子,吳寧康,2020-06-01 13:04:00,https://www.rti.org.tw//news/view/id/2066328
news,元氣網,舌頭腫脹說話含滷蛋 女國中生得粉瘤就醫,陳玫伶,2020-06-01 13:04:00,https://health.udn.com/health/story/5969/4605177
news,新浪新聞,DIA將以5人組小分隊回歸 並非完整體令粉絲感到遺憾,Wow!NEWS新聞網,2020-06-01 13:04:00,https://news.sina.com.tw/article/20200601/35331012.html
news,LINE TODAY,最會「藏愛」的星座TOP 5！交往了卻不願公開，原來是另有「隱情」！,zona,2020-06-01 13:04:00,https://today.line.me/tw/article/最會「藏愛」的星座TOP5-5NNxVR
news,MSN,從五月天看國民黨？ 朱立倫：老品牌不被淘汰,黃建豪,2020-06-01 13:04:04,https://www.msn.com/zh-tw/news/national/從五月天看國民黨？-朱立倫老品牌不被淘汰/ar-BB14Rz74
news,MSN,12處國家森林遊樂區 電子門票開賣享折扣,楊淑閔,2020-06-01 13:04:18,https://www.msn.com/zh-tw/news/living/12處國家森林遊樂區-電子門票開賣享折扣/ar-BB14Ru9R
news,大紀元,今日全紐約州牙醫開門,施萍,2020-06-01 13:04:36,https://www.epochtimes.com/b5/20/6/1/n12151641.htm
news,農傳媒,肥料配送率近114%  1日起所有種類作物開放預購,游昇俯,2020-06-01 13:04:42,https://agriharvest.tw/archives/39754
news,奇摩新聞,「三大晚報」不敵時代潮流 相繼停刊成歷史,東森新聞影音,2020-06-01 13:04:53,https://tw.news.yahoo.com/%E4%B8%89%E5%A4%A7%E6%99%9A%E5%A0%B1-%E4%B8%8D%E6%95%B5%E6%99%82%E4%BB%A3%E6%BD%AE%E6%B5%81-%E7%9B%B8%E7%B9%BC%E5%81%9C%E5%88%8A%E6%88%90%E6%AD%B7%E5%8F%B2-050453380.html
news,自由時報電子報,五月天吸全球4千萬人搶看登發燒影片NO.1 年底留台北跨年有譜,陳慧玲,2020-06-01 13:05:00,https://ent.ltn.com.tw/news/breakingnews/3183599
news,三立新聞網,美照被腥羶對待！「最美小學老師」怒了：我還要當偏鄉老師,林呈育,2020-06-01 13:05:00,https://www.setn.com/News.aspx?NewsID=753990
news,TVBS新聞,國衛院武漢肺炎快篩完成技轉　拚109年底上市,,2020-06-01 13:05:00,http://news.tvbs.com.tw/life/1332646
news,工商時報,4月大量解僱逾50件 創2013年來新高,林良齊,2020-06-01 13:05:00,https://m.ctee.com.tw/livenews/ch/chinatimes/20200601002683-260405
news,聯合新聞網,代駕新規 消費者醉酒須意識清楚者陪同至指定點,中央社,2020-06-01 13:05:00,https://udn.com/news/story/7266/4604972
news,ETtoday東森新聞雲,高市不適任特教師「流竄」花蓮！　家長會怒嗆「不處理垃圾」：拒收到底,王兆麟,2020-06-01 13:05:00,http://www.ettoday.net/news/20200601/1727275.htm
news,妞新聞,「皮卡丘甜甜圈」超萌登陸台灣！Mister Donut×精靈寶可夢聯名週邊,CHOU,2020-06-01 13:05:00,https://www.niusnews.com/=P1dlcln3
news,中國時報電子報,4月大量解僱逾50件 創2013年來新高,林良齊,2020-06-01 13:05:00,https://www.chinatimes.com/realtimenews/20200601002683-260405
news,PChome新聞,行政院明宣布振興券發放方式！藍委呼籲發「現金」每人6千,【民視新聞】,2020-06-01 13:05:02,http://news.pchome.com.tw/living/ftv/20200601/index-15909879024252419009.html
news,奇摩新聞,五月天自曝近況 阿信都在看瑪莎太太,三立新聞網 setn.com,2020-06-01 13:05:11,https://tw.news.yahoo.com/%E4%BA%94%E6%9C%88%E5%A4%A9%E8%87%AA%E6%9B%9D%E8%BF%91%E6%B3%81-%E9%98%BF%E4%BF%A1%E7%AB%9F%E6%83%B3%E5%90%83%E5%86%A0%E4%BD%91%E4%B8%8B%E9%9D%A2-024004461.html
news,MSN,4月大量解僱逾50件 創2013年來新高,林良齊,2020-06-01 13:05:20,https://www.msn.com/zh-tw/news/other/4月大量解僱逾50件-創2013年來新高/ar-BB14RuhM
news,奇摩新聞,快訊／水泥車撞2重機 2騎士遭輾斃,三立新聞網 setn.com,2020-06-01 13:05:26,https://tw.news.yahoo.com/%E5%BF%AB%E8%A8%8A-%E6%B0%B4%E6%B3%A5%E8%BB%8A%E6%92%9E2%E9%87%8D%E6%A9%9F-2%E9%A8%8E%E5%A3%AB%E9%81%AD%E8%BC%BE%E6%96%83-042526675.html
news,奇摩新聞,陳時中連拍60組廣告！網友心疼灌爆盧秀燕臉書,民視影音,2020-06-01 13:05:49,https://tw.news.yahoo.com/%E9%99%B3%E6%99%82%E4%B8%AD%E9%80%A3%E6%8B%8D60%E7%B5%84%E5%BB%A3%E5%91%8A-%E7%B6%B2%E5%8F%8B%E5%BF%83%E7%96%BC%E7%81%8C%E7%88%86%E7%9B%A7%E7%A7%80%E7%87%95%E8%87%89%E6%9B%B8-050549854.html
news,蘋果日報,【驚悚畫面】板橋水泥車違規左轉連撞2重機　重機情侶1遭輾、1爆頭身亡,呂健豪,2020-06-01 13:06:00,https://tw.appledaily.com/local/20200601/DZDZEXU3GT3BNIRRJPXFRWGMSU/
news,聯合新聞網,台美日「全球合作暨訓練架構成立5周年」聯合聲明,侯永全,2020-06-01 13:06:00,https://udn.com/news/story/6656/4605189
news,TVBS新聞,「振興券」政院周二公布　藍再喊「發現金」卡省,,2020-06-01 13:06:00,http://news.tvbs.com.tw/politics/1332654
news,經濟日報,後疫情時代 新加坡成立辦事處力推數位轉型,中央社,2020-06-01 13:06:00,https://money.udn.com/money/story/5599/4605186
news,奇摩新聞,疫情成婚變關鍵！夫領政府3萬秒衝「1地」全花光 妻心寒,今日新聞NOWnews,2020-06-01 13:06:00,https://tw.news.yahoo.com/%E7%96%AB%E6%83%85%E6%88%90%E5%A9%9A%E8%AE%8A%E9%97%9C%E9%8D%B5-%E5%A4%AB%E9%A0%98%E6%94%BF%E5%BA%9C3%E8%90%AC%E7%A7%92%E8%A1%9D-1%E5%9C%B0-%E5%85%A8%E8%8A%B1%E5%85%89-%E5%A6%BB%E5%BF%83%E5%AF%92-050600950.html
news,HiNet新聞,疫情成婚變關鍵！夫領政府3萬秒衝「1地」全花光 妻心寒,NOWnews,2020-06-01 13:06:00,https://times.hinet.net/news/22921922
news,PChome新聞,疫情成婚變關鍵！夫領政府3萬秒衝「1地」全花光 妻心寒,nownews,2020-06-01 13:06:00,http://news.pchome.com.tw/living/nownews/20200601/index-59098796073012207009.html
news,經濟日報,後疫情時代 電信業面對新常態迎接需求轉變,江明晏,2020-06-01 13:06:00,https://money.udn.com/money/story/5612/4605188
news,MSN,疫情成婚變關鍵！夫領政府3萬秒衝「1地」全花光 妻心寒,編輯中心,2020-06-01 13:06:00,https://www.msn.com/zh-tw/news/living/疫情成婚變關鍵！夫領政府3萬秒衝「1地」全花光-妻心寒/ar-BB14Rs3G
news,大紀元,田馥甄公開《懸日》MV 邀許光漢一同飆戲,馬維芬,2020-06-01 13:06:09,https://www.epochtimes.com/b5/20/6/1/n12151634.htm
news,TVBS新聞,報復性出遊！　出國旅費轉國旅、高端團3天6萬,,2020-06-01 13:07:00,http://news.tvbs.com.tw/life/1332668
news,聯合新聞網,悠遊付開放未成年註冊 可線上申請,中央社,2020-06-01 13:07:00,https://udn.com/news/story/7323/4605102
news,俄羅斯衛星通訊社,英國將實施入境隔離政策 中國駐英使館提醒中國公民關注,俄羅斯衛星通訊社,2020-06-01 13:07:00,http://big5.sputniknews.cn/society/202006011031547048/
news,蕃薯藤yam,TREASURE方藝潭數碼單曲「WAYO」 獲音樂人柳熙烈&尹度玹等稱贊,Wow!NEWS,2020-06-01 13:07:00,https://n.yam.com/Article/20200601517679
news,俄羅斯衛星通訊社,庫斯托團隊支持在俄境內禁止為海洋館捕撈鯨魚的倡議,俄羅斯衛星通訊社,2020-06-01 13:07:00,http://big5.sputniknews.cn/russia/202006011031547055/
news,工商時報,《熱門族群》NVIDIA電競新GPU踩油門 電競族群透紅光,【時報記者任珮云台北報導】,2020-06-01 13:07:00,https://m.ctee.com.tw/livenews/aj/chinatimes/20200601002713-260410
news,工商時報,《產業》5月車市加油不夠勁 前5月轉為年減0.2％,【時報記者沈培華台北報導】,2020-06-01 13:07:00,https://m.ctee.com.tw/livenews/aj/chinatimes/20200601002710-260410
news,中國時報電子報,希臘「解封清單」納入陸日韓 沒台灣,簡立欣,2020-06-01 13:07:00,https://www.chinatimes.com/realtimenews/20200601002702-260405
news,聯合新聞網,雲林大解封 嘉義市長：暫不跟進 維持量體溫、戴口罩,李承穎,2020-06-01 13:07:00,https://udn.com/news/story/7326/4605195
news,中國時報電子報,《熱門族群》NVIDIA電競新GPU踩油門 電競族群透紅光,任珮云,2020-06-01 13:07:00,https://www.chinatimes.com/realtimenews/20200601002713-260410
news,中國時報電子報,《產業》5月車市加油不夠勁 前5月轉為年減0.2％,沈培華,2020-06-01 13:07:00,https://www.chinatimes.com/realtimenews/20200601002710-260410
news,新浪新聞,TREASURE方藝潭數碼單曲「WAYO」 獲音樂人柳熙烈&尹度玹等稱贊,Wow!NEWS新聞網,2020-06-01 13:07:00,https://news.sina.com.tw/article/20200601/35331010.html
news,LINE TODAY,最勤學苦練的星座，最容易成為人上人,LINE TODAY,2020-06-01 13:07:00,https://today.line.me/tw/article/最勤學苦練的星座，最容易成為人上人-DkkXGB
news,MSN,【圖集】這一夜，一起道別陪我們走過那些年的誠品敦南…,遠見部,2020-06-01 13:07:08,https://www.msn.com/zh-tw/news/other/【圖集】這一夜，一起道別陪我們走過那些年的誠品敦南…/ar-BB14Tsv7
news,奇摩新聞,冒名律師招攬訴訟 12人上當削千萬 正牌律師求償,東森新聞影音,2020-06-01 13:07:11,https://tw.news.yahoo.com/%E5%86%92%E5%90%8D%E5%BE%8B%E5%B8%AB%E6%8B%9B%E6%94%AC%E8%A8%B4%E8%A8%9F-12%E4%BA%BA%E4%B8%8A%E7%95%B6%E5%89%8A%E5%8D%83%E8%90%AC-%E6%AD%A3%E7%89%8C%E5%BE%8B%E5%B8%AB%E6%B1%82%E5%84%9F-050711651.html
news,奇摩新聞,東區深夜火警 中市府及時馳援並會協助受災攤商,台灣新生報,2020-06-01 13:07:27,https://tw.news.yahoo.com/%E6%9D%B1%E5%8D%80%E6%B7%B1%E5%A4%9C%E7%81%AB%E8%AD%A6-%E4%B8%AD%E5%B8%82%E5%BA%9C%E5%8F%8A%E6%99%82%E9%A6%B3%E6%8F%B4%E4%B8%A6%E6%9C%83%E5%8D%94%E5%8A%A9%E5%8F%97%E7%81%BD%E6%94%A4%E5%95%86-050727691.html
news,MSN,報復性出遊！ 出國旅費轉國旅、高端團3天6萬,"洪浚緯,林亞男",2020-06-01 13:07:43,https://www.msn.com/zh-tw/news/living/報復性出遊！-出國旅費轉國旅、高端團3天6萬/ar-BB14RzeF
news,聯合新聞網,父救落水女兒反被溪流沖走 搜救3天找到遺體,邱瑞杰,2020-06-01 13:08:00,https://udn.com/news/story/7320/4605200
news,工商時報,希臘「解封清單」納入陸日韓 沒台灣,簡立欣,2020-06-01 13:08:00,https://m.ctee.com.tw/livenews/ch/chinatimes/20200601002702-260405
news,自由時報電子報,中國違背承諾！蓬佩奧：美國沒理由給予香港特殊待遇,財經頻道,2020-06-01 13:08:00,https://ec.ltn.com.tw/article/breakingnews/3183519
news,聯合新聞網,徐國勇參觀楊梅水資中心 3段AO生物處理法回收再利用,鄭國樑,2020-06-01 13:08:00,https://udn.com/news/story/7324/4605199
news,中央廣播電台新聞,                                                後疫情時代 新加坡成立辦事處力推數位轉型,吳寧康,2020-06-01 13:08:00,https://www.rti.org.tw//news/view/id/2066329
news,新浪新聞,希望教育升逾5% 創上市新高,北京新浪網,2020-06-01 13:08:00,https://news.sina.com.tw/article/20200601/35330204.html
news,大紀元,「車技秀」引數百人群聚 居民促警方調查,托尼,2020-06-01 13:08:01,https://www.epochtimes.com/b5/20/6/1/n12151708.htm
news,ETtoday東森運動雲,在美國當黑人很難！快艇主帥被歧視無數次　「警察父若還在一定很受傷」,游郁香,2020-06-01 13:08:12,https://sports.ettoday.net/news/1727280
news,PChome新聞,GCTF5週年 台美日聯合聲明擴大合作,中央社記者陳韻聿台北1日電,2020-06-01 13:08:18,http://news.pchome.com.tw/politics/cna/20200601/index-15909880983470118001.html
news,MSN,GCTF5週年 台美日聯合聲明擴大合作,陳韻聿,2020-06-01 13:08:18,https://www.msn.com/zh-tw/news/national/gctf5週年-台美日聯合聲明擴大合作/ar-BB14RplU
news,奇摩新聞,GCTF5週年 台美日聯合聲明擴大合作,中央社,2020-06-01 13:08:18,https://tw.news.yahoo.com/gctf5%E9%80%B1%E5%B9%B4-%E5%8F%B0%E7%BE%8E%E6%97%A5%E8%81%AF%E5%90%88%E8%81%B2%E6%98%8E%E6%93%B4%E5%A4%A7%E5%90%88%E4%BD%9C-050818447.html
news,MSN,國1大貨車翻覆待援 特斯拉直撞入車廂,蔡智明,2020-06-01 13:08:46,https://www.msn.com/zh-tw/news/national/國1大貨車翻覆待援-特斯拉直撞入車廂/ar-BB14Rsei
news,聯合新聞網,公車肇事率高靠自主管理? 議員：如同當兵多填假資料,陳秋雲,2020-06-01 13:09:00,https://udn.com/news/story/7325/4605204
news,聯合新聞網,美反種族歧視示威潮升溫 俄中伊朗藉機開酸,中央社,2020-06-01 13:09:00,https://udn.com/news/story/9758/4605101
news,聯合新聞網,北市明年調漲焚化垃圾處理費 專用垃圾袋價格不變,張世杰,2020-06-01 13:09:00,https://udn.com/news/story/7314/4605203
news,三立新聞網,好想要粉色乳頭！雞排妹曝自謔性維持招數「全身上下最痛」,娛樂中心,2020-06-01 13:09:00,https://www.setn.com/News.aspx?NewsID=753989
news,蘋果日報,台美日合作發表聯合聲明　AIT處長批中國施壓拒讓台灣出席WHA ,陳建瑜,2020-06-01 13:09:00,https://tw.appledaily.com/politics/20200601/ZNHV5FHEFSE42FPQTRBGK6NG2U/
news,蕃薯藤yam,一個月內棄養4隻黑狗　無良飼主遭重罰31萬,黃村杉,2020-06-01 13:09:00,https://n.yam.com/Article/20200601715308
news,台灣好新聞網,一個月內棄養4隻黑狗　無良飼主遭重罰31萬,記者黃村杉,2020-06-01 13:09:00,https://www.taiwanhot.net/?p=826434
news,台灣醒報,防疫要兼顧觀光 產學籲入國際旅盟,呂翔禾,2020-06-01 13:09:00,https://anntw.com/articles/20200601-R9Oh
news,聯合新聞網,北市明年調漲焚化垃圾處理費 專用垃圾袋價格不變,張世杰,2020-06-01 13:09:00,https://udn.com/news/story/7323/4605203
news,台灣醒報,代理教師薪水被苛扣 籲給聘期保障,祝潤霖,2020-06-01 13:09:00,https://anntw.com/articles/20200601-WmIa
news,聯合新聞網,整理包／6月6日決戰57.5萬票！罷韓案始末一次看清楚,聯合新聞網,2020-06-01 13:09:00,https://udn.com/news/story/120934/4574517
news,中國時報電子報,墾丁10幾年沒看過這人潮！業者求陳時中1件事,"莊楚雯,林憲祥",2020-06-01 13:09:00,https://www.chinatimes.com/realtimenews/20200601002690-260405
news,新浪新聞,防疫要兼顧觀光 產學籲入國際旅盟,台灣醒報,2020-06-01 13:09:00,https://news.sina.com.tw/article/20200601/35330966.html
news,奇摩新聞,一個月內棄養4隻黑狗 無良飼主遭重罰31萬,台灣好新聞,2020-06-01 13:09:18,https://tw.news.yahoo.com/%E5%80%8B%E6%9C%88%E5%85%A7%E6%A3%84%E9%A4%8A4%E9%9A%BB%E9%BB%91%E7%8B%97-%E7%84%A1%E8%89%AF%E9%A3%BC%E4%B8%BB%E9%81%AD%E9%87%8D%E7%BD%B031%E8%90%AC-050918404.html
news,PChome新聞,防疫要兼顧觀光 產學籲入國際旅盟,台灣醒報呂翔禾,2020-06-01 13:09:22,http://news.pchome.com.tw/living/awakening/20200601/index-15909881626265343009.html
news,大紀元,紐約至少12家Target店暫時關閉,李悅,2020-06-01 13:09:34,https://www.epochtimes.com/b5/20/6/1/n12151629.htm
news,PChome新聞,代理教師薪水被苛扣 籲給聘期保障,台灣醒報祝潤霖,2020-06-01 13:09:36,http://news.pchome.com.tw/living/awakening/20200601/index-15909881760375243009.html
news,MSN,墾丁10幾年沒看過這人潮！業者求陳時中1件事,"莊楚雯,工商",2020-06-01 13:09:46,https://www.msn.com/zh-tw/news/other/墾丁10幾年沒看過這人潮！業者求陳時中1件事/ar-BB14RzrY
news,HiNet新聞,Melody攜女出遊遭抓包「修圖過頭」 網笑：柱子好幽默,NOWnews,2020-06-01 13:10:00,https://times.hinet.net/news/22921921
news,工商時報,改善遊戲器材 私幼要求比照公幼獲經費補助,林志成,2020-06-01 13:10:00,https://m.ctee.com.tw/livenews/ch/chinatimes/20200601002498-260405
news,PChome新聞,Melody攜女出遊遭抓包「修圖過頭」 網笑：柱子好幽默,nownews,2020-06-01 13:10:00,http://news.pchome.com.tw/entertainment/nownews/20200601/index-59098820019040207006.html
news,中國時報電子報,改善遊戲器材 私幼要求比照公幼獲經費補助,林志成,2020-06-01 13:10:00,https://www.chinatimes.com/realtimenews/20200601002498-260405
news,聯合新聞網,疫後歐洲第一架包機抵中 1人確診,中國新聞組,2020-06-01 13:10:00,https://udn.com/news/story/120944/4604976
news,新浪新聞,中海油服大漲,北京新浪網,2020-06-01 13:10:00,https://news.sina.com.tw/article/20200601/35330250.html
news,新浪新聞,快訊：農村電商板塊異動 怡亞通拉升封板,北京新浪網,2020-06-01 13:10:00,https://news.sina.com.tw/article/20200601/35330220.html
news,奇摩新聞,Melody攜女出遊遭抓包「修圖過頭」 網笑：柱子好幽默,今日新聞NOWnews,2020-06-01 13:10:00,https://tw.news.yahoo.com/melody%E6%94%9C%E5%A5%B3%E5%87%BA%E9%81%8A%E9%81%AD%E6%8A%93%E5%8C%85-%E4%BF%AE%E5%9C%96%E9%81%8E%E9%A0%AD-%E7%B6%B2%E7%AC%91-%E6%9F%B1%E5%AD%90%E5%A5%BD%E5%B9%BD%E9%BB%98-051000632.html
news,新浪新聞,天保能源大漲18% 獲中國證監會批准H股全流通計劃申請,北京新浪網,2020-06-01 13:10:00,https://news.sina.com.tw/article/20200601/35330202.html
news,新浪新聞,山西汾酒大漲,北京新浪網,2020-06-01 13:10:00,https://news.sina.com.tw/article/20200601/35330252.html
news,蕃薯藤yam,龍魂不滅　新竹人大魯閣免費暢打,季大仁,2020-06-01 13:10:00,https://n.yam.com/Article/20200601277059
news,新浪新聞,資策會稱，後疫情時代伺服器產業商機值得關注，遠距辦公帶來資安機會,財訊快報,2020-06-01 13:10:00,https://news.sina.com.tw/article/20200601/35330102.html
news,新浪新聞,Melody攜女出遊遭抓包「修圖過頭」　網笑：柱子好幽默,NOWnews今日新聞,2020-06-01 13:10:00,https://news.sina.com.tw/article/20200601/35330314.html
news,MSN,Melody攜女出遊遭抓包「修圖過頭」 網笑：柱子好幽默,娛樂中心,2020-06-01 13:10:00,https://www.msn.com/zh-tw/news/other/melody攜女出遊遭抓包「修圖過頭」-網笑柱子好幽默/ar-BB14RtZu
news,MSN,改善遊戲器材 私幼要求比照公幼獲經費補助,林志成,2020-06-01 13:10:01,https://www.msn.com/zh-tw/news/other/改善遊戲器材-私幼要求比照公幼獲經費補助/ar-BB14Rpvz
news,自由時報電子報,中科購物廣場涉偽造文書被撤照 中市府今斷水斷電,蘇孟娟,2020-06-01 13:10:02,https://news.ltn.com.tw/news/life/breakingnews/3183567
news,鉅亨網,日本上季全產業營收減3.5% 設備投資增4.3%,陳達誠,2020-06-01 13:10:03,http://news.cnyes.com/news/id/4484463
news,PChome新聞,TREASURE方藝潭數碼單曲「WAYO」 獲音樂人柳熙烈&尹度玹等稱贊,Wow!NEWS,2020-06-01 13:10:05,http://news.pchome.com.tw/entertainment/wownews/20200601/index-15909882058988933006.html
news,PChome新聞,DIA將以5人組小分隊回歸 並非完整體令粉絲感到遺憾,Wow!NEWS,2020-06-01 13:10:11,http://news.pchome.com.tw/entertainment/wownews/20200601/index-15909882110194033006.html
news,PChome新聞,演員柳俊烈受孔曉振推薦 參加獨立藝術電影挑戰,Wow!NEWS,2020-06-01 13:10:15,http://news.pchome.com.tw/entertainment/wownews/20200601/index-15909882153649933006.html
news,奇摩新聞,信箱驚見滿版韓國瑜…高雄人3字吐實,三立新聞網 setn.com,2020-06-01 13:10:18,https://tw.news.yahoo.com/%E4%BF%A1%E7%AE%B1%E9%A9%9A%E8%A6%8B%E6%BB%BF%E7%89%88%E9%9F%93%E5%9C%8B%E7%91%9C-%E9%AB%98%E9%9B%84%E4%BA%BA3%E5%AD%97%E5%90%90%E5%AF%A6-051018514.html
news,PChome新聞,BTOB隊長徐恩光首張迷你專輯 預告照展現清新舒適魅力,Wow!NEWS,2020-06-01 13:10:19,http://news.pchome.com.tw/entertainment/wownews/20200601/index-15909882192031733006.html
news,奇摩新聞,聯晚停刊 她曝曾建議轉型…被說一句,三立新聞網 setn.com,2020-06-01 13:10:19,https://tw.news.yahoo.com/%E8%81%AF%E6%99%9A%E5%81%9C%E5%88%8A-%E5%A5%B9%E6%9B%9D%E6%9B%BE%E5%BB%BA%E8%AD%B0%E8%BD%89%E5%9E%8B-%E8%A2%AB%E8%AA%AA-%E5%8F%A5-050516417.html
news,奇摩新聞,外送員無聲挺罷韓…韓粉又崩潰抵制了,三立新聞網 setn.com,2020-06-01 13:10:20,https://tw.news.yahoo.com/%E5%A4%96%E9%80%81%E5%93%A1%E7%84%A1%E8%81%B2%E6%8C%BA%E7%BD%B7%E9%9F%93-%E9%9F%93%E7%B2%89%E5%8F%88%E5%B4%A9%E6%BD%B0%E6%8A%B5%E5%88%B6%E4%BA%86-043018917.html
news,PChome新聞,BLACKPINK成員ROSÉ×LISA×JISOO 確定陸續發行SOLO歌曲,Wow!NEWS,2020-06-01 13:10:23,http://news.pchome.com.tw/entertainment/wownews/20200601/index-15909882237970733006.html
news,PChome新聞,電影「釜山行」續篇「半島」 將於今年7月正式上映,Wow!NEWS,2020-06-01 13:10:25,http://news.pchome.com.tw/entertainment/wownews/20200601/index-15909882251386033006.html
news,MSN,海巡署新式橘色安檢服上路 共發1.3萬套,侯文婷,2020-06-01 13:10:37,https://www.msn.com/zh-tw/news/national/海巡署新式橘色安檢服上路-共發13萬套/ar-BB14Rzap
news,奇摩新聞,蔣經國日記曝光！ 蔣寫「孝嚴、孝慈」非親生兒,TVBS新聞網影音,2020-06-01 13:10:47,https://tw.news.yahoo.com/%E8%94%A3%E7%B6%93%E5%9C%8B%E6%97%A5%E8%A8%98%E6%9B%9D%E5%85%89-%E8%94%A3%E5%AF%AB-%E5%AD%9D%E5%9A%B4-%E5%AD%9D%E6%85%88-%E9%9D%9E%E8%A6%AA%E7%94%9F%E5%85%92-051047576.html
news,奇摩新聞,OK今起預購口罩 一次開放兩種規格,三立新聞網 setn.com,2020-06-01 13:10:47,https://tw.news.yahoo.com/ok%E9%96%8B%E6%94%BE%E9%A0%90%E8%B3%BC%E5%8F%A3%E7%BD%A9-%E6%88%90%E4%BA%BA%E5%A9%A6%E5%B9%BC%E5%85%A9%E7%A8%AE%E8%A6%8F%E6%A0%BC-043532254.html
news,工商時報,二殯施工害告別式泡水 喪家擲筊30幾次求亡父諒解,譚宇哲,2020-06-01 13:11:00,https://m.ctee.com.tw/livenews/ch/chinatimes/20200601002714-260405
news,蘋果日報,【聯晚停刊】見證晚報興衰　學者胡元輝籲：媒體精神存在才可能長久,林媛玲,2020-06-01 13:11:00,https://tw.appledaily.com/life/20200601/QHWO35DKF7ET6QMHC7XNPEPCBU/
news,聯合新聞網,為銜接汐止交流道南下匝道 康寧街拓寬工程8月完成,胡瑞玲,2020-06-01 13:11:00,https://udn.com/news/story/7323/4605208
news,台灣醒報,賞鳥非白人專屬 非裔鳥人網路串同好,陳是祈,2020-06-01 13:11:00,https://anntw.com/articles/20200601-ntlY
news,聯合新聞網,NBA／簽天價合約、買車還問哥哥 前隊友難忘羅斯謙虛,陳元廷,2020-06-01 13:11:00,https://udn.com/news/story/7002/4604941
news,LINE TODAY,渡邊麻友退出演藝圈 AKB48神7難再聚[影],LINE TODAY,2020-06-01 13:11:00,https://today.line.me/tw/article/渡邊麻友退出演藝圈 AKB48神7難再聚-PNNDOM
news,ETtoday東森新聞雲,解封春燕來了！王品、繼光香香雞大舉徵才「店經理挑戰55K」,林淑慧,2020-06-01 13:11:00,http://www.ettoday.net/news/20200601/1727281.htm
news,中國時報電子報,二殯施工害告別式泡水 喪家擲筊30幾次求亡父諒解,譚宇哲,2020-06-01 13:11:00,https://www.chinatimes.com/realtimenews/20200601002714-260405
news,MSN,二殯施工害告別式泡水 喪家擲筊30幾次求亡父諒解,譚宇哲,2020-06-01 13:11:02,https://www.msn.com/zh-tw/news/other/二殯施工害告別式泡水-喪家擲筊30幾次求亡父諒解/ar-BB14Rwao
news,PChome新聞,賞鳥非白人專屬 非裔鳥人網路串同好,台灣醒報陳是祈,2020-06-01 13:11:12,http://news.pchome.com.tw/living/awakening/20200601/index-15909882720566443009.html
news,聯合新聞網,影／陳時中周五訪嘉義縣 黃敏惠：別忘了到嘉義市走走,李承穎,2020-06-01 13:12:00,https://udn.com/news/story/7326/4605216
news,聯合新聞網,保誠人壽：打造幸福人生 首選分紅保單,陳怡慈,2020-06-01 13:12:00,https://udn.com/news/story/7239/4605218
news,聯合新聞網,茶控+冰品控取向狙擊！「天仁茗茶ｘ小美聯名冰淇淋」太生火，全家限時特價快筆記,編輯葉穎樂,2020-06-01 13:12:00,https://udn.com/news/story/7186/4604907
news,TVBS新聞,印尼百歲人瑞擊敗病毒　治療一個月復元出院,,2020-06-01 13:12:00,http://news.tvbs.com.tw/world/1332595
news,聯合新聞網,市民盼鰲峰山百萬夜景步道升級 台中觀旅局：評估中,陳秋雲,2020-06-01 13:12:00,https://udn.com/news/story/7325/4605217
news,聯合新聞網,新北首發畢旅團 國小生高喊：晚上興奮到睡不著,吳亮賢,2020-06-01 13:12:00,https://udn.com/news/story/6898/4605219
news,聯合新聞網,印度獸父多次性侵2月大女嬰 妻返家驚見她下體多處受傷,聯合新聞網,2020-06-01 13:12:00,https://udn.com/news/story/6812/4604992
news,聯合新聞網,NBA／卡珍斯昔飆罵教練未受罰 前助教嘆國王高層縱容,陳元廷,2020-06-01 13:12:00,https://udn.com/news/story/7002/4605001
news,聯合新聞網,後疫情時代 新加坡成立辦事處力推數位轉型,中央社,2020-06-01 13:12:00,https://udn.com/news/story/6809/4605186
news,經濟日報,12處國家森林遊樂區 電子門票開賣享折扣,楊淑閔,2020-06-01 13:12:00,https://money.udn.com/money/story/12524/4605211
news,經濟日報,GCTF5週年 台美日聯合聲明擴大合作,陳韻聿,2020-06-01 13:12:00,https://money.udn.com/money/story/7307/4605212
news,經濟日報,罷韓投票防疫  須量體溫戴口罩保持社交距離,王淑芬,2020-06-01 13:12:00,https://money.udn.com/money/story/7307/4605210
news,經濟日報,保誠人壽：打造幸福人生 首選分紅保單,陳怡慈,2020-06-01 13:12:00,https://money.udn.com/money/story/5617/4605218
news,新浪新聞,中國5月製造業PMI小幅回落 仍在榮枯線之上,北京新浪網,2020-06-01 13:12:00,https://news.sina.com.tw/article/20200601/35330212.html
news,新浪新聞,據路透社旗下媒體IFR：達達計劃在今日晚些時候推出3億美元納斯達克IPO。,北京新浪網,2020-06-01 13:12:00,https://news.sina.com.tw/article/20200601/35330282.html
news,大紀元,洛杉磯縣新增25死 總感染近5.5萬,張宛,2020-06-01 13:12:01,https://www.epochtimes.com/b5/20/6/1/n12151717.htm
news,奇摩新聞,一聲Hello之前 老蕭與JJ其實很不熟,Yahoo奇摩娛樂訊息,2020-06-01 13:12:43,https://tw.news.yahoo.com/%E8%81%B2hello%E4%B9%8B%E5%89%8D-%E8%80%81%E8%95%AD%E8%88%87jj%E5%85%B6%E5%AF%A6%E5%BE%88%E4%B8%8D%E7%86%9F-051243738.html
news,蕃薯藤yam,阿中部長愛上臺南美味 入住大員皇冠週末業績增2成,于郁金,2020-06-01 13:13:00,https://n.yam.com/Article/20200601799301
news,TVBS新聞,疫情逐漸趨緩　暑期國家考試維持開放冷氣,,2020-06-01 13:13:00,http://news.tvbs.com.tw/life/1332596
news,新浪新聞,東吳證券大漲,北京新浪網,2020-06-01 13:13:00,https://news.sina.com.tw/article/20200601/35330248.html
news,聯合新聞網,趙藤雄跌倒身體差 聲請解除每天至派出所報到處分,林孟潔,2020-06-01 13:13:00,https://udn.com/news/story/7321/4605223
news,大紀元,抗議活動不影響紐約市重新開放,李悅,2020-06-01 13:13:02,https://www.epochtimes.com/b5/20/6/1/n12151627.htm
news,奇摩新聞,許光漢接班代言陸飲！ 王力宏遭嫌「年紀大」,TVBS新聞網影音,2020-06-01 13:13:17,https://tw.news.yahoo.com/%E8%A8%B1%E5%85%89%E6%BC%A2%E6%8E%A5%E7%8F%AD%E4%BB%A3%E8%A8%80%E9%99%B8%E9%A3%B2-%E7%8E%8B%E5%8A%9B%E5%AE%8F%E9%81%AD%E5%AB%8C-%E5%B9%B4%E7%B4%80%E5%A4%A7-051317782.html
news,大紀元,數百萬隻小龍蝦擱淺死亡 染紅紐西蘭海灘,陳俊村,2020-06-01 13:13:43,https://www.epochtimes.com/b5/20/6/1/n12151575.htm
news,大紀元,幼兒美黑乳塗滿身母傻眼 模樣搞笑上萬網友點贊,趙雅勤,2020-06-01 13:13:56,https://www.epochtimes.com/b5/20/6/1/n12151735.htm
news,MSN,全美暴力抗議升溫…美警跪地畫面曝光了！背後原因暖哭網友,三立新聞網,2020-06-01 13:13:58,https://www.msn.com/zh-tw/news/national/全美暴力抗議升溫…美警跪地畫面曝光了！背後原因暖哭網友/ar-BB14R7Ay
news,年代新聞,10萬債討10年！ 談判破裂「嫌朝債主開三槍」,編輯中心,2020-06-01 13:14:00,http://www.eracom.com.tw/EraNews/Home/Society/2020-06-01/178245.html
news,udn STYLE,在家收成！陽台盆栽種蔬菜 小番茄和羅勒「混植」秘訣,田中寧子,2020-06-01 13:14:00,https://style.udn.com/style/story/11350/4605227
news,年代新聞,「非裔之死」掀反歧視浪潮 各界球星聲援,編輯中心,2020-06-01 13:14:00,http://www.eracom.com.tw/EraNews/Home/WorldNews/2020-06-01/178243.html
news,東森新聞,雞排妹自爆「雷射Ｏ暈」 醫曝影響顏色深淺因素,朱晉緯,2020-06-01 13:14:00,http://news.ebc.net.tw/news/entertainment/212311
news,FT中文網,特朗普誓言邀請俄羅斯參加G7峰會,"勞倫•費多爾,迪米",2020-06-01 13:14:00,http://big5.ftchinese.com/story/001087929
news,聯合新聞網,罷韓投票防疫  須量體溫戴口罩保持社交距離,中央社,2020-06-01 13:14:00,https://udn.com/news/story/120934/4605210
news,新浪新聞,網宿科技大漲,北京新浪網,2020-06-01 13:14:00,https://news.sina.com.tw/article/20200601/35330246.html
facebook,香港蘋果日報,不同於母親節的從容傳情，從來我們對於爸爸的愛意及感恩，都總是...,香港蘋果日報,2020-06-01 13:00:00,https://www.facebook.com/hk.nextmedia/photos/a.170516952447/10159069245957448
facebook,噪咖,你們的保養品換季沒？ 小編的荷包是已經蠢蠢欲動啦～ #來噪咖...,噪咖,2020-06-01 13:00:00,https://www.facebook.com/EBCbuzz/posts/1925124447694612
facebook,PTT01,2019超夯經典歌曲串燒，一起回憶2019！ 影片 Iron...,PTT01 娛樂新聞,2020-06-01 13:00:00,https://www.facebook.com/ptt01s/videos/249785762784191
facebook,行政院-台灣好政點,#防疫新生活運動 #維持良好衛生習慣  #保持手部衛生 #落...,中華民國行政院,2020-06-01 13:00:01,https://www.facebook.com/ey.gov.tw/videos/587036332242019
facebook,ETtoday寵物雲,看了都捏一把冷汗...(#小雁子) 影片來源：Storyfu...,ETtoday寵物雲,2020-06-01 13:00:01,https://www.facebook.com/ETtodayPETS/videos/551231345542429
facebook,ETtoday分享雲,謝謝國軍弟兄!! (#海派罐頭) 【相關報導】 獨／國軍光榮...,ETtoday分享雲,2020-06-01 13:00:01,https://www.facebook.com/ETtodaySHARE/videos/259155902100125
facebook,正面能量,不要瞧不起人,正面能量,2020-06-01 13:00:03,https://www.facebook.com/power201601/photos/a.1690824764527855/2877486399195013
facebook,愛經驗,：看到媽媽遺物就落淚，我要學著斷捨離??,愛經驗,2020-06-01 13:00:04,https://www.facebook.com/How01Com/posts/3417720894906605
facebook,Dcard,=ㄦ=......這是雙眼皮什麼? 來看原文?https:...,Dcard,2020-06-01 13:00:05,https://www.facebook.com/dcard.tw/photos/a.216230328465245/3264368680318046
facebook,台視新聞台,【#TTV焦點】五月天線上開唱 蕭敬騰李榮浩隔空獻聲 #台視...,台視新聞台,2020-06-01 13:00:06,https://www.facebook.com/ttvnews/videos/251583559503786
facebook,爆料公社,整個來不及反應?? https://www.bc3ts....,爆料公社,2020-06-01 13:00:06,https://www.facebook.com/permalink.php?story_fbid=1314273968923085&id=162608724089621
facebook,蘋果娛樂新聞,只希望Sammi好好的? ?完整報導?https://...,娛樂蘋果派,2020-06-01 13:00:07,https://www.facebook.com/AppleEnews/photos/a.202570069806647/3208992462497711
facebook,鄉民實業坊,對於蔡英文可能停止適用《港澳條例》，來抵制港版國安法的推動一...,鄉民實業坊,2020-06-01 13:00:07,https://www.facebook.com/XDSelect/posts/10163522768015403
facebook,niusnews妞新聞,《＃屍速列車：感染半島》規模將比《＃屍速列車》更大，還有不少...,niusnews 妞新聞,2020-06-01 13:00:08,https://www.facebook.com/niusnews/posts/3264368266941001
facebook,新頭殼newtalk,謝志偉和陳佩琪最近火藥味十足? #WHO #警告信 #謝志...,Newtalk新聞,2020-06-01 13:00:09,https://www.facebook.com/Newtalk.Page/posts/3471530186209688
facebook,ELLETaiwan,【#ELLE美妝圈】 一到炎熱的夏天☀️?皮膚容易出汗又出...,ELLE Taiwan,2020-06-01 13:00:13,https://www.facebook.com/elle.tw/posts/10158153051858346
facebook,天下雜誌,【跟成功的人一樣努力、做同樣的事情　為什麼有人還是失敗？】 ...,天下雜誌,2020-06-01 13:00:13,https://www.facebook.com/cwgroup/posts/10156878921046930
facebook,東森財經,無薪假破2.6萬人 勞動部：單一航空超過2千人放假 #泊編：...,東森財經,2020-06-01 13:00:15,https://www.facebook.com/ebcmoney/posts/2547292598706127
facebook,數位時代,超商要開賣大包裝（50入）口罩啦！這樣算起來，還要用App預...,數位時代,2020-06-01 13:00:16,https://www.facebook.com/bnextmedia/posts/10158635450359284
facebook,關鍵時刻,#小宅編：在馬路上唉...好恐怖! 【男言之癮】男人一看上癮...,關鍵時刻,2020-06-01 13:00:16,https://www.facebook.com/CTimefans/posts/3124703837575795
facebook,Mobile01,小編覺得最困難的不是談條件，而是全住戶都同意這件事情??...,Mobile01,2020-06-01 13:00:16,https://www.facebook.com/TheMobile01/posts/10157691656878380
facebook,ETtoday運動雲,越來越多運動員都站出來標達支持了！！（#安琪） ↗接收第一手...,ETtoday運動雲,2020-06-01 13:00:18,https://www.facebook.com/ETtodaySPORTS/posts/3149289571775710
facebook,東森新聞,#小宅編：這也太多了吧!! 【男言之癮】男人一看上癮→htt...,東森新聞,2020-06-01 13:00:18,https://www.facebook.com/news.ebc/posts/4351868688181522
facebook,工商時報,【為了和緩危機 台積電也開始進行措施】 台積電面對美陸科技之...,工商時報,2020-06-01 13:00:18,https://www.facebook.com/ctee.fans/posts/10157529683218215
facebook,三立新聞,「不要假裝美國不存在這個問題。不要忽視種族歧視...讓我們一...,三立新聞,2020-06-01 13:00:18,https://www.facebook.com/setnews/posts/3319898101428088
facebook,GQTaiwan,這個小包真的帥到爆！！ #BV #GQ穿搭指南,GQ Taiwan,2020-06-01 13:00:21,https://www.facebook.com/GQTaiwan/posts/10158257893164356
facebook,美麗佳人MarieClaireTaiwan,【#mcBeauty】夏天用凝凍最舒服了！ #mariecl...,美麗佳人 Marie Claire Taiwan,2020-06-01 13:00:22,https://www.facebook.com/marieclaire.tw/posts/10158294955127744
facebook,Yahoo運動,各隊意見大不同，真的難喬??? #MLB Minnes...,Yahoo奇摩運動,2020-06-01 13:00:24,https://www.facebook.com/Ysports/posts/3310303162337015
facebook,時報周刊,好巧喔　原來你家跟市長官邸地址一樣啊 即時新聞都在【#CTw...,CTWant,2020-06-01 13:00:24,https://www.facebook.com/want.ctw/posts/3191335664242668
facebook,女人迷womany,我是一個感情經歷很少少的女生，我們在一起的時候，僅僅是他說的...,女人迷 womany,2020-06-01 13:00:26,https://www.facebook.com/womany.net/posts/3434045899942354
facebook,VOGUETaiwan,沒有辣長腿也要懂得「美腿5步驟」！ ＃很需要 ＃學起來 ＃要...,VOGUE Taiwan,2020-06-01 13:00:28,https://www.facebook.com/VogueTW/posts/10158742630253754
facebook,ETtoday美女雲,哥曾經撿到同學的作業隨身碟，裡頭也存了很多片...(#D哥)...,ETtoday美女雲,2020-06-01 13:00:28,https://www.facebook.com/ETtodayBEAUTY/posts/2974350422683237
facebook,大紀元時報-台灣(TheEpochTimes-Taiwan),吳奇隆得意地說，在和小朋友相處的過程中，自己學到許多新技能�...,大紀元時報 - 台灣(The Epoch Times - Taiwan),2020-06-01 13:00:29,https://www.facebook.com/epochtimes.taiwan/posts/10157959193864667
facebook,壹電視NextTV,只有一個小時太短啦 大家有跟到嗎?? #五月天 #五月之...,壹電視 Next TV,2020-06-01 13:00:33,https://www.facebook.com/NextTV/posts/4277774312240165
facebook,BEAUTY美人誌,?全家FamilyMart 大家最愛的913茶王推出冰淇淋...,Beauty美人圈,2020-06-01 13:00:34,https://www.facebook.com/tagbeauty/posts/10164138935050487
facebook,中時電子報,熱騰騰的星期一☀奉上熱騰騰的《旗楷得勝》EP1?? ?...,中時電子報,2020-06-01 13:00:34,https://www.facebook.com/CTfans/posts/10157922332477479
facebook,ETtoday星光雲,威～媽咪已經很美了啦，不要再修了XDD（艾波） 　 星事你最...,ETtoday星光雲,2020-06-01 13:00:37,https://www.facebook.com/ETtodaySTAR/posts/3052593978170754
facebook,今周刊,4、5 月全球股市上演一波機構恐懼我貪婪的大戲，就在眾人熱議...,今周刊,2020-06-01 13:00:38,https://www.facebook.com/BToday/posts/10158445631663270
facebook,大紀元epochtimescom,趁現在能換當然趕快換啊，不然等著被中共外匯管制啊？?,大紀元 epochtimes.com,2020-06-01 13:00:40,https://www.facebook.com/djy.news/posts/3258898004147636
facebook,關鍵時刻,#馴獸編：有誰不惹，偏偏惹到神經刀... 【男言之癮】男人一...,關鍵時刻,2020-06-01 13:00:45,https://www.facebook.com/CTimefans/posts/3124797847566394
facebook,Yahoo奇摩旅遊,到海拔最高的合歡山露營巴士享受露營野趣！巴士改造的露營車，木...,Yahoo奇摩旅遊,2020-06-01 13:00:48,https://www.facebook.com/Yjourney/posts/3171898006200730
facebook,NOWnews今日新聞,自己的公道自己討！台灣人加油！ #產業 #經濟 #台灣,NOWnews 今日新聞,2020-06-01 13:00:50,https://www.facebook.com/nownews/posts/10157820726792663
facebook,早安健康,少吃還是沒瘦？想甩開厚厚的皮下脂肪，這招抬腿簡單有效 明明已...,早安健康,2020-06-01 13:00:54,https://www.facebook.com/Everydayhealth.Taiwan/posts/1613301748832399
facebook,udncom聯合新聞網,才剛拿到駕照就出事(╥_╥) 　 【18歲男剛拿到駕照 撞上...,udn.com 聯合新聞網,2020-06-01 13:01:02,https://www.facebook.com/myudn/videos/767155867388288
facebook,遠見雜誌,【姿勢不正確恐適得其反】 #棒式 是鍛鍊核心的熱門運動，在家...,遠見雜誌,2020-06-01 13:01:20,https://www.facebook.com/gv.monthly/posts/10158594852153799
facebook,王惠美,田中國小PU跑道完工啟用     田中國小自民國4年創校至今...,王惠美,2020-06-01 13:01:45,https://www.facebook.com/wang.huimei/posts/4197974273560978
facebook,我是中壢人,國民黨：發6000、不排富。,我是中壢人,2020-06-01 13:01:46,https://www.facebook.com/iChungLi/posts/3183427291703471
facebook,T客邦的臉書基地,想看還能跑能跳的福伯就是這次了！,T客邦的臉書基地,2020-06-01 13:01:56,https://www.facebook.com/TKbang/posts/10157667863150674
facebook,經理人月刊MANAGERtoday,美國零售商 #沃爾瑪 在百業哀鴻遍野之際，逆勢成長！疫情期間...,經理人月刊MANAGERtoday,2020-06-01 13:02:04,https://www.facebook.com/managertoday/posts/10157932460866348
facebook,PTTGossiping批踢踢八卦板,?? [新聞] 阻止中國破壞自由秩序 美學者主張讓台灣取...,PTT Gossiping 批踢踢八卦板,2020-06-01 13:02:11,https://www.facebook.com/PttGossiping/posts/1972701359534185
facebook,ETtoday新聞雲,過不久就要公布方式啦！（大家好像很氣 #01J） ↗快加入新...,ETtoday新聞雲,2020-06-01 13:03:00,https://www.facebook.com/ETtoday/posts/3437036649665808
facebook,ETtoday科技雲,【工商服務】 自然美「超效保濕按摩卸妝膏」隆重推出超值驚喜大...,ETtoday科技雲,2020-06-01 13:03:24,https://www.facebook.com/ETtodayfun3C/posts/2893357774034795
facebook,中央社新聞粉絲團,統一超商平均每片單價是新台幣4.74元，搶當四大超商最低價。...,中央社新聞粉絲團,2020-06-01 13:03:30,https://www.facebook.com/cnanewstaiwan/posts/4501120416580070
facebook,羅智強,聯合晚報熄燈 在當發言人的那些年 聯合晚報是每天必讀的報紙 ...,羅智強,2020-06-01 13:04:30,https://www.facebook.com/debatelo/photos/a.779523858750922/2911666022203351
facebook,媽媽經,?? 台電從今天開始啟動「#夏月電價」！ 夏天用電量增加...,媽媽經,2020-06-01 13:05:00,https://www.facebook.com/mamaclub.tw/posts/3294476873931893
facebook,康健雜誌,【生酮飲食不只減肥、還能養好腸道菌　專家：一定要做對3件事】...,康健雜誌,2020-06-01 13:05:03,https://www.facebook.com/commonhealth/posts/10157990694931201
facebook,蘋果日報,警方到場後確認該路口設有禁止左轉標誌，但涂男仍違規左轉......,蘋果新聞網,2020-06-01 13:05:15,https://www.facebook.com/appledaily.tw/posts/10159427480307069
facebook,東森新聞,#不乖會被編：我的老天鵝！這怎麼撞的啊? 特斯拉慘變穿雲箭！...,東森新聞,2020-06-01 13:05:42,https://www.facebook.com/news.ebc/videos/1455884787949104
facebook,ETtoday分享雲,水泥車就這樣輾過去...... (#嘴邊肉) 　 ?快加入...,ETtoday分享雲,2020-06-01 13:05:44,https://www.facebook.com/ETtodaySHARE/posts/3196123637111211
facebook,國家地理雜誌（NationalGeographicMagazineTaiwan）,抓著魚的魚鷹 Photograph by klaas luk...,國家地理雜誌,2020-06-01 13:05:59,https://www.facebook.com/natgeomedia/photos/a.199000706930229/1620423624787923
facebook,大紀元epochtimescom,吳奇隆得意地說，在和小朋友相處的過程中，自己學到許多新技能�...,大紀元 epochtimes.com,2020-06-01 13:06:05,https://www.facebook.com/djy.news/posts/3258812487489521
facebook,三立新聞,#最新 警消到場時，2名重機騎士都已經死亡...（#Ｙ編 ）,三立新聞,2020-06-01 13:06:08,https://www.facebook.com/setnews/posts/3320053074745924
facebook,小聖蚊的治國日記,哎唷不錯喔，WW3就從台灣海峽開始。,小聖蚊的治國日記,2020-06-01 13:06:28,https://www.facebook.com/HolyMosquito/posts/2675308036080173
facebook,JUKSY線上流行雜誌,身高 153 嬌小玲瓏的亞莉安娜，樸素現身遊行隊伍之中！（#...,JUKSY 街星,2020-06-01 13:06:56,https://www.facebook.com/juksymag/posts/10157899291203937
facebook,我是中壢人,吳斯懷痛批，國家機器公開介入，民進黨應改名為「民退黨」，大搞...,我是中壢人,2020-06-01 13:07:11,https://www.facebook.com/iChungLi/posts/3183434938369373
facebook,鏡週刊,這兩個品牌超酷的！ #佛洛伊德之死 #美國,鏡週刊,2020-06-01 13:08:02,https://www.facebook.com/mirrormediamg/posts/2816979461855241
facebook,洪健益,一早五點上四獸山運動與山友聚會看了一下環境 發現排水管阻塞及...,台北市松山信義區市議員 洪健益,2020-06-01 13:08:15,https://www.facebook.com/hongjianyi1103/posts/3294317410600801
facebook,台視新聞台,【#TTV完整公開】台北市長柯文哲 赴議會接受市政總質詢 #...,台視新聞台,2020-06-01 13:08:26,https://www.facebook.com/ttvnews/videos/726176384785240
facebook,香港蘋果日報,【蘋果fb live】無懼國安法 中環和你lunch 同步直...,香港蘋果日報,2020-06-01 13:08:36,https://www.facebook.com/hk.nextmedia/videos/855703248267191
ptt,Wanted,[問安],ryo923,2020-06-01 13:00:04,https://www.ptt.cc/bbs/Wanted/M.1590987604.A.ED6.html
ptt,Gossiping,[問卦] 高冷女對我有意思又不肯主動告白,malindorothy,2020-06-01 13:00:09,https://www.ptt.cc/bbs/Gossiping/M.1590987609.A.092.html
ptt,LoL,[外絮] RNG weibo,wang7752,2020-06-01 13:00:12,https://www.ptt.cc/bbs/LoL/M.1590987612.A.ECD.html
ptt,Gossiping,[新聞] 藍爆罷韓徵工讀生 罷韓團體：工讀生是確,Aqqqa,2020-06-01 13:00:15,https://www.ptt.cc/bbs/Gossiping/M.1590987615.A.096.html
ptt,C_Chat,[閒聊] 三玖 黏土人,CavendishJr,2020-06-01 13:00:19,https://www.ptt.cc/bbs/C_Chat/M.1590987619.A.61D.html
ptt,BabyProducts,[徵求] 環安書桌(加大)+ 動物椅,Jollily,2020-06-01 13:00:26,https://www.ptt.cc/bbs/BabyProducts/M.1590987626.A.72E.html
ptt,Gossiping,[問卦] 山雞哪能配鳳凰呢？,BrandonRoy7,2020-06-01 13:00:40,https://www.ptt.cc/bbs/Gossiping/M.1590987640.A.D61.html
ptt,Wanted,[問安] 好煩,joned,2020-06-01 13:00:49,https://www.ptt.cc/bbs/Wanted/M.1590987649.A.14B.html
ptt,HsinChuang,[贈送] 恩典牌兒童餐椅,peggy827,2020-06-01 13:00:54,https://www.ptt.cc/bbs/HsinChuang/M.1590987654.A.3BD.html
ptt,Hate,[黑特] 做工的人,Workforme,2020-06-01 13:00:55,https://www.ptt.cc/bbs/Hate/M.1590987655.A.77B.html
ptt,Gossiping,[問卦] 為何台灣發展不了資本主義？,Rin5566,2020-06-01 13:01:12,https://www.ptt.cc/bbs/Gossiping/M.1590987672.A.484.html
ptt,creditcard,[閒聊] 兆豐信用卡加入ApplePay,archung,2020-06-01 13:01:15,https://www.ptt.cc/bbs/creditcard/M.1590987675.A.4B6.html
ptt,car,[討論] 你喜歡特斯拉的銷售模式嗎？,pp5434,2020-06-01 13:01:16,https://www.ptt.cc/bbs/car/M.1590987676.A.8FC.html
ptt,Hate,[黑特] 痠,IsobeRika,2020-06-01 13:01:22,https://www.ptt.cc/bbs/Hate/M.1590987682.A.51F.html
ptt,HatePolitics,Re: [討論] 政黑不再是賤畜版了嗎？,RodrigueZ810,2020-06-01 13:01:23,https://www.ptt.cc/bbs/HatePolitics/M.1590987683.A.B96.html
ptt,Gossiping,Re: [問卦] 我突破階級複製了嗎,mk203125,2020-06-01 13:01:24,https://www.ptt.cc/bbs/Gossiping/M.1590987684.A.1E5.html
ptt,C_Chat,Re: [閒聊] 阿路家到底男的女的啦,TaiwanBeijin,2020-06-01 13:01:31,https://www.ptt.cc/bbs/C_Chat/M.1590987691.A.6ED.html
ptt,ChungLi,Re: [問題] 請推薦中壢內壢平鎮厲害的拔智齒的醫師,sutony,2020-06-01 13:01:35,https://www.ptt.cc/bbs/ChungLi/M.1590987695.A.8C8.html
ptt,Gossiping,[問卦] 為何樂咖會被duke騙那麼多次,kimo6414,2020-06-01 13:01:58,https://www.ptt.cc/bbs/Gossiping/M.1590987718.A.088.html
ptt,Wanted,[徵求] 台北一起上班,vbnm,2020-06-01 13:02:02,https://www.ptt.cc/bbs/Wanted/M.1590987722.A.70E.html
ptt,Marginalman,[請益] 總太 3056,cpblgu,2020-06-01 13:02:03,https://www.ptt.cc/bbs/Marginalman/M.1590987723.A.7D5.html
ptt,C_Chat,[新聞] 智冠董事長王俊博珍惜人才 打造遊戲王國,alinwang,2020-06-01 13:02:29,https://www.ptt.cc/bbs/C_Chat/M.1590987749.A.80A.html
ptt,Gossiping,Re: [問卦] 段純貞吹響了新竹美食反動的號角了嗎？,seuil,2020-06-01 13:02:40,https://www.ptt.cc/bbs/Gossiping/M.1590987760.A.2ED.html
ptt,Gossiping,Re: [問卦] 認真問，美國現在的暴動算還好吧？,mshockwave,2020-06-01 13:02:40,https://www.ptt.cc/bbs/Gossiping/M.1590987760.A.B5F.html
ptt,Gossiping,Re: [問卦] 薪水要怎麼發，員工才會幹的要死？,sharkpops,2020-06-01 13:02:45,https://www.ptt.cc/bbs/Gossiping/M.1590987765.A.A71.html
ptt,Gossiping,Re: [問卦] 美國人這思考方式是怎麼當上世界之王的,chosenone,2020-06-01 13:02:51,https://www.ptt.cc/bbs/Gossiping/M.1590987771.A.BFB.html
ptt,Key_Mou_Pad,[閒聊] 羅技保固疑問,kingofcowb,2020-06-01 13:02:53,https://www.ptt.cc/bbs/Key_Mou_Pad/M.1590987773.A.5ED.html
ptt,PuzzleDragon,[閒聊] 裏列界 露西亞x森魔女 無太陽球隊,DeeperOcean,2020-06-01 13:02:54,https://www.ptt.cc/bbs/PuzzleDragon/M.1590987774.A.E08.html
ptt,Drama-Ticket,[急售] 6/1 無妄合作社 巡迴取消,attitude5,2020-06-01 13:02:57,https://www.ptt.cc/bbs/Drama-Ticket/M.1590987777.A.57F.html
ptt,Tainan,[交易] 住宿轉讓（台中希堤微旅）,sarasaasa,2020-06-01 13:03:04,https://www.ptt.cc/bbs/Tainan/M.1590987784.A.9D5.html
ptt,Gossiping,Re: [問卦] 女友當油土伯/網紅是甚麼感覺？,aragornwill,2020-06-01 13:03:10,https://www.ptt.cc/bbs/Gossiping/M.1590987790.A.1EF.html
ptt,Marginalman,[姆咪] 路人側拍黃捷,CavendishJr,2020-06-01 13:03:10,https://www.ptt.cc/bbs/Marginalman/M.1590987790.A.30E.html
ptt,Marginalman,[閒聊] 身體真的很重要,fnm525,2020-06-01 13:03:10,https://www.ptt.cc/bbs/Marginalman/M.1590987790.A.E27.html
ptt,Wanted,[徵求] 群組徵人聊天,chrisss77,2020-06-01 13:03:18,https://www.ptt.cc/bbs/Wanted/M.1590987798.A.065.html
ptt,C_Chat,[閒聊] 麻薩諸塞,LABOYS,2020-06-01 13:03:40,https://www.ptt.cc/bbs/C_Chat/M.1590987820.A.C0D.html
ptt,Gossiping,Re: [新聞] 日本抗體檢測快篩組準確度超低！「採檢,prostar,2020-06-01 13:03:43,https://www.ptt.cc/bbs/Gossiping/M.1590987823.A.EAC.html
ptt,I-Lan,Fw: [遊記] 宜蘭冬山河源頭。新寮瀑布,shonn,2020-06-01 13:03:45,https://www.ptt.cc/bbs/I-Lan/M.1590987825.A.13F.html
ptt,Baseball,[新聞] 7年之「洋」不佔缺 羅力樂觀其成,Ornette,2020-06-01 13:03:46,https://www.ptt.cc/bbs/Baseball/M.1590987826.A.183.html
ptt,Gossiping,[問卦] 渡邊麻友最正的時期 有排到AKB48第一名嗎,mnhyuiop,2020-06-01 13:04:02,https://www.ptt.cc/bbs/Gossiping/M.1590987842.A.F5E.html
ptt,Neihu,贈送-木吉他與琴架,jim855077,2020-06-01 13:04:21,https://www.ptt.cc/bbs/Neihu/M.1590987861.A.9E4.html
ptt,Actuary,[情報] 台北 日本碗盤特賣會銅板價起,nick0821,2020-06-01 13:04:26,https://www.ptt.cc/bbs/Actuary/M.1590987866.A.9D7.html
ptt,SongShan,Fw: [情報] 台北 日本碗盤特賣會銅板價起,nick0821,2020-06-01 13:04:30,https://www.ptt.cc/bbs/SongShan/M.1590987870.A.6C9.html
ptt,cat,[心得] 決定去買了,sec5566,2020-06-01 13:04:36,https://www.ptt.cc/bbs/cat/M.1590987876.A.F88.html
ptt,Gossiping,[問卦] 618vs 雙10vs雙11vs雙12誰貨量最多,chamge7788,2020-06-01 13:04:48,https://www.ptt.cc/bbs/Gossiping/M.1590987888.A.9B7.html
ptt,Interior,[徵求] 米多力70型吊隱除濕機施作,ppt0726,2020-06-01 13:05:27,https://www.ptt.cc/bbs/Interior/M.1590987927.A.447.html
ptt,Hiking,Re: [揪人] 7/16-7/19大霸群峰,jo0214,2020-06-01 13:05:48,https://www.ptt.cc/bbs/Hiking/M.1590987948.A.102.html
ptt,Gamesale,[NS  ] 徵 switch 全新 主機,Lydia1103,2020-06-01 13:06:03,https://www.ptt.cc/bbs/Gamesale/M.1590987963.A.F57.html
ptt,MacShop,[販售] 雙北 iPhone 7 玫瑰金128G,jessie80lyc,2020-06-01 13:06:04,https://www.ptt.cc/bbs/MacShop/M.1590987964.A.346.html
ptt,C_Chat,[問題] 想問一部恐怖漫畫,spiral0857,2020-06-01 13:06:05,https://www.ptt.cc/bbs/C_Chat/M.1590987965.A.D7B.html
ptt,Gossiping,[新聞] 聽到老闆的祕密...司機和秘書偷買股票撈70萬！吐錢換緩刑,laptic,2020-06-01 13:06:10,https://www.ptt.cc/bbs/Gossiping/M.1590987970.A.0D2.html
ptt,Gossiping,Re: [新聞] 交通部花1.5億旅遊APP成效不彰 上架一年,ilwu,2020-06-01 13:06:38,https://www.ptt.cc/bbs/Gossiping/M.1590987998.A.107.html
ptt,feminine_sex,Re: [心情] 我很在意老公婚前有性行為 ,SaChiA5566,2020-06-01 13:06:40,https://www.ptt.cc/bbs/feminine_sex/M.1590988000.A.A05.html
ptt,MobileComm,"[新聞] Xperia 1 II 開賣價 35,900 元？NCC 今日",y12544,2020-06-01 13:06:47,https://www.ptt.cc/bbs/MobileComm/M.1590988007.A.722.html
ptt,WomenTalk,[閒聊] 有沒有蚵仔雪花冰的八卦？,flower42,2020-06-01 13:06:47,https://www.ptt.cc/bbs/WomenTalk/M.1590988007.A.D91.html
ptt,Wanted,[問安] 安,joned,2020-06-01 13:07:43,https://www.ptt.cc/bbs/Wanted/M.1590988063.A.35E.html
ptt,DC_SALE,[售/全國]SONYA6000(黑)/SEL1670Z E 16-70mm ,aajon,2020-06-01 13:07:47,https://www.ptt.cc/bbs/DC_SALE/M.1590988067.A.C61.html
ptt,Gossiping,[問卦] 超商馬尾女店員聲音真的很療癒,miss80423,2020-06-01 13:07:48,https://www.ptt.cc/bbs/Gossiping/M.1590988068.A.D86.html
ptt,Wanted,[問安] ,wami0613,2020-06-01 13:07:59,https://www.ptt.cc/bbs/Wanted/M.1590988079.A.977.html
ptt,japanavgirls,[問題] JULIA 換片商了?,zxc906383,2020-06-01 13:08:05,https://www.ptt.cc/bbs/japanavgirls/M.1590988085.A.845.html
ptt,Gossiping,Re: [問卦] 嫁給台男後 後悔了,hateOnas,2020-06-01 13:08:09,https://www.ptt.cc/bbs/Gossiping/M.1590988089.A.913.html
ptt,C_Chat,[討論] gta的外掛484歷史最瓜張？,GGSuperInIn,2020-06-01 13:08:16,https://www.ptt.cc/bbs/C_Chat/M.1590988096.A.2E4.html
ptt,GoodPregnan,[問題] 排卵試紙請教,mango20068,2020-06-01 13:08:23,https://www.ptt.cc/bbs/GoodPregnan/M.1590988103.A.089.html
ptt,Baseball,[分享] 巨人隊公布明天練習賽先發名單  陽岱鋼8棒,thnlkj0665,2020-06-01 13:08:25,https://www.ptt.cc/bbs/Baseball/M.1590988105.A.FB1.html
ptt,Gossiping,[問卦] 美國疫情是不是又要炸啦1,s111228s,2020-06-01 13:08:26,https://www.ptt.cc/bbs/Gossiping/M.1590988106.A.872.html
ptt,Gossiping,[問卦] 內湖舊宗是不是美食沙漠,hansopp,2020-06-01 13:08:38,https://www.ptt.cc/bbs/Gossiping/M.1590988118.A.4E9.html
ptt,MobileComm,[問機]  字體大手機挑選,dark10911,2020-06-01 13:08:43,https://www.ptt.cc/bbs/MobileComm/M.1590988123.A.78C.html
ptt,mobilesales,[賣/新北/皆可] Galaxy Buds+ 白,quickpass,2020-06-01 13:09:00,https://www.ptt.cc/bbs/mobilesales/M.1590988140.A.3DB.html
ptt,Nurse,[問題]  關於國泰NP專師訓練課程,Uwontknow,2020-06-01 13:09:01,https://www.ptt.cc/bbs/Nurse/M.1590988141.A.936.html
ptt,C_Chat,Re: [閒聊] 賭徒謬誤：關於抽卡的機率,chirex,2020-06-01 13:09:04,https://www.ptt.cc/bbs/C_Chat/M.1590988144.A.C4C.html
ptt,joke,[猜謎] 每個人都能寫出甚麼書,davidachiang,2020-06-01 13:09:10,https://www.ptt.cc/bbs/joke/M.1590988150.A.F89.html
ptt,Hate,[黑特] ,netpal486,2020-06-01 13:09:14,https://www.ptt.cc/bbs/Hate/M.1590988154.A.75B.html
ptt,BabyProducts,[出售] 全國BEABA副食品調理機（贈利其爾盒）,bibiyiyo,2020-06-01 13:09:16,https://www.ptt.cc/bbs/BabyProducts/M.1590988156.A.32E.html
ptt,Marginalman,[姆咪] Aimi,Apache,2020-06-01 13:09:20,https://www.ptt.cc/bbs/Marginalman/M.1590988160.A.584.html
ptt,C_Chat,[情報] 工作細胞 特別上映版 台灣上映確定,durantjosh,2020-06-01 13:09:35,https://www.ptt.cc/bbs/C_Chat/M.1590988175.A.6E8.html
ptt,Hate,[火大] 又再順時鐘逆時鐘！你媽啦！,lemonsong,2020-06-01 13:09:41,https://www.ptt.cc/bbs/Hate/M.1590988181.A.749.html
ptt,IELTS,[出售] 雅思用書 官方指南,EmmaBritish,2020-06-01 13:09:52,https://www.ptt.cc/bbs/IELTS/M.1590988192.A.2DD.html
ptt,C_Chat,Re: [閒聊]金庸小說為何會著重在宋代而不是唐代啊?,tmlisgood,2020-06-01 13:10:40,https://www.ptt.cc/bbs/C_Chat/M.1590988240.A.B5F.html
ptt,MobileComm,[新聞] Android 用戶小心！一張照片可能讓手機「,olmtw,2020-06-01 13:10:49,https://www.ptt.cc/bbs/MobileComm/M.1590988249.A.1EC.html
ptt,MobileComm,[討論] 我日鍾文澤之華為P40 pro+光學10倍變焦,three88720,2020-06-01 13:11:05,https://www.ptt.cc/bbs/MobileComm/M.1590988265.A.02E.html
ptt,WomenTalk,[討論] 寵物店買貓要帶多少錢？,sec5566,2020-06-01 13:11:09,https://www.ptt.cc/bbs/WomenTalk/M.1590988269.A.889.html
ptt,Gossiping,[問卦] 美國黑人為什麼這麼背信忘義,ll6a,2020-06-01 13:12:00,https://www.ptt.cc/bbs/Gossiping/M.1590988320.A.0EE.html
ptt,BabyMother,[寶寶] 新生兒背巾請益,funpp,2020-06-01 13:12:00,https://www.ptt.cc/bbs/BabyMother/M.1590988320.A.AB2.html
ptt,EAseries,[閒聊] poi是不是應該放到最後才看,eetee,2020-06-01 13:12:02,https://www.ptt.cc/bbs/EAseries/M.1590988322.A.889.html
ptt,BabyMother,[寶寶] 寶寶雙腳無名指歪,missAndy,2020-06-01 13:12:06,https://www.ptt.cc/bbs/BabyMother/M.1590988326.A.4B7.html
ptt,forsale,[生活] 台北 6尺董事長辦公桌 自取 便宜售,wasiPanda,2020-06-01 13:12:07,https://www.ptt.cc/bbs/forsale/M.1590988327.A.E7D.html
ptt,Storage_Zone,[情報] Acer Speedy 1.92TB 2.5吋 ,zorro1111,2020-06-01 13:12:09,https://www.ptt.cc/bbs/Storage_Zone/M.1590988329.A.85F.html
ptt,Gossiping,[問卦] 在故宮上班會不會覬覦那些寶物,kingfsg7326,2020-06-01 13:12:38,https://www.ptt.cc/bbs/Gossiping/M.1590988358.A.B70.html
ptt,forsale,[公告] 水桶 damimiQ/yuira/l831022/q0u04bj3,ginlom,2020-06-01 13:12:50,https://www.ptt.cc/bbs/forsale/M.1590988370.A.2DE.html
ptt,Gossiping,Re: [新聞] 蔣萬安的祖父是蔣經國？蔣經國日記中,poeta,2020-06-01 13:12:52,https://www.ptt.cc/bbs/Gossiping/M.1590988372.A.755.html
ptt,ToS,[閒聊] 6/1 競技場晉級試煉 Day 1,JerryChungYC,2020-06-01 13:13:06,https://www.ptt.cc/bbs/ToS/M.1590988386.A.882.html
ptt,HatePolitics,"[討論]""不看意識形態""本身就是毀滅性的意識型態",m82,2020-06-01 13:13:11,https://www.ptt.cc/bbs/HatePolitics/M.1590988391.A.EAD.html
ptt,HardwareSale,[賣/台中/面交]ROG Chakram 無線電競滑鼠 ,zsc15461,2020-06-01 13:13:17,https://www.ptt.cc/bbs/HardwareSale/M.1590988397.A.0E1.html
ptt,TaichungBun,[出售] BEABA 嬰兒副食品調理機（贈利其爾盒）,bibiyiyo,2020-06-01 13:13:35,https://www.ptt.cc/bbs/TaichungBun/M.1590988415.A.527.html
ptt,Baseball,[新聞] 韓職》好想進場看球！ 韓球迷的這一幕連,trokymmr,2020-06-01 13:13:39,https://www.ptt.cc/bbs/Baseball/M.1590988419.A.649.html
ptt,BabyProducts,[出售],eatingbala,2020-06-01 13:13:40,https://www.ptt.cc/bbs/BabyProducts/M.1590988420.A.53A.html
ptt,Gossiping,Re: [問卦] 認真問，美國現在的暴動算還好吧？,kusomanfcu,2020-06-01 13:13:49,https://www.ptt.cc/bbs/Gossiping/M.1590988429.A.DAB.html
ptt,DC_SALE,[售/] Tamron17-28 A046 公司貨 保內,odinkyos,2020-06-01 13:13:52,https://www.ptt.cc/bbs/DC_SALE/M.1590988432.A.957.html
ptt,sex,[討論] 做愛感覺,ouinon,2020-06-01 13:13:53,https://www.ptt.cc/bbs/sex/M.1590988433.A.41C.html
ptt,Gamesale,[NS  ] 徵 Switch主機 電加or動森機orLite,formyptt,2020-06-01 13:14:09,https://www.ptt.cc/bbs/Gamesale/M.1590988449.A.E22.html
ptt,car,[新聞] 特斯拉猛撞插進貨車頂　駕駛毫髮無傷,joanzkow,2020-06-01 13:14:09,https://www.ptt.cc/bbs/car/M.1590988449.A.659.html
ptt,Gossiping,[新聞] 陳時中來台中穿醜衣委屈了？ 市府：只印3,redhill86,2020-06-01 13:14:11,https://www.ptt.cc/bbs/Gossiping/M.1590988451.A.538.html
ptt,Gossiping,Re: [新聞] 聽到老闆的祕密...司機和秘書偷買股票撈70萬！吐錢換緩,v19791119,2020-06-01 13:14:31,https://www.ptt.cc/bbs/Gossiping/M.1590988471.A.E31.html
ptt,Gossiping,[問卦] 女兒書包掛娃娃 結果弄丟,assassinASHE,2020-06-01 13:14:32,https://www.ptt.cc/bbs/Gossiping/M.1590988472.A.B30.html
ptt,Gossiping,Re: [新聞] 交通部花1.5億旅遊APP成效不彰 上架一年,Behind4,2020-06-01 13:14:35,https://www.ptt.cc/bbs/Gossiping/M.1590988475.A.FB8.html
ptt,Stock,[請益] 出售還是領配息,yfz7611,2020-06-01 13:14:41,https://www.ptt.cc/bbs/Stock/M.1590988481.A.7CA.html
ptt,bicycle,[問題] 心跳帶有規格嗎,loserfatotak,2020-06-01 13:14:47,https://www.ptt.cc/bbs/bicycle/M.1590988487.A.57E.html
ptt,WomenTalk,[閒聊] 瘟疫對體重跟存款的影響,ffreakk,2020-06-01 13:14:49,https://www.ptt.cc/bbs/WomenTalk/M.1590988489.A.31B.html
ptt,Gossiping,[問卦] 台北惡棍會怎麼對付美國暴動?,bluebluelan,2020-06-01 13:15:01,https://www.ptt.cc/bbs/Gossiping/M.1590988501.A.656.html
ptt,Marginalman,Re: [閒聊] 保險套  過期了...,leopika,2020-06-01 13:15:18,https://www.ptt.cc/bbs/Marginalman/M.1590988518.A.4AB.html
ptt,AllTogether,[徵女]台北下午出門晃晃,hotains,2020-06-01 13:15:23,https://www.ptt.cc/bbs/AllTogether/M.1590988523.A.FAE.html
ptt,HardwareSale,[賣/高雄/皆可] DELL UP2516D 25吋 2k 螢幕,vulcan88,2020-06-01 13:15:30,https://www.ptt.cc/bbs/HardwareSale/M.1590988530.A.968.html
ptt,HatePolitics,Re: [討論] 政黑不再是賤畜版了嗎？,sunyeah,2020-06-01 13:15:41,https://www.ptt.cc/bbs/HatePolitics/M.1590988541.A.552.html
ptt,gay,[心情] 高中小記,MICKEY3388,2020-06-01 13:15:46,https://www.ptt.cc/bbs/gay/M.1590988546.A.4AF.html
ptt,Gossiping,[新聞] 管理示威用不著開槍 美國至少7地出現「,znck,2020-06-01 13:15:48,https://www.ptt.cc/bbs/Gossiping/M.1590988548.A.2DB.html
ptt,Gossiping,[問卦] 打麻將會喊哪些口號,yamahabbs,2020-06-01 13:15:52,https://www.ptt.cc/bbs/Gossiping/M.1590988552.A.06D.html
ptt,Marginalman,[閒聊] 幹你娘笑死,Wardyal,2020-06-01 13:16:27,https://www.ptt.cc/bbs/Marginalman/M.1590988587.A.611.html
ptt,Gossiping,Re: [問卦] 認真問，美國現在的暴動算還好吧？,BaoLiao5566,2020-06-01 13:16:31,https://www.ptt.cc/bbs/Gossiping/M.1590988591.A.1EC.html
dcard,經濟日報,資策會估台灣半導體有望年增1.7% 優於全球表現,張建中,2020-06-01 13:00:00,https://money.udn.com/money/story/5612/4605129
dcard,經濟日報,對流雲系發展旺盛  15縣市大雨特報,余曉涵,2020-06-01 13:00:00,https://money.udn.com/money/story/5621/4605130
dcard,公視新聞網,彰化一度疫情重災 結合科技迅速查到感染源,"賴淑敏,蔣龍祥",2020-06-01 13:00:00,https://news.pts.org.tw/article/481090
dcard,公視新聞網,推林下經濟 台東林管處輔導部落養蜂,章明哲,2020-06-01 13:00:00,https://news.pts.org.tw/article/481093
dcard,公視新聞網,中市違停無障礙.親子車格 檢舉逾600件,"黃千容,彭煥群",2020-06-01 13:00:00,https://news.pts.org.tw/article/481091
dcard,公視新聞網,明公布振興券實施內容 傳納外配與中配,"朱鳳治,吳其昌",2020-06-01 13:00:00,https://news.pts.org.tw/article/481077
dcard,自由時報電子報,醫療口罩買賣解禁 指揮中心下午2點說明,即時新聞,2020-06-01 13:00:00,https://news.ltn.com.tw/news/life/breakingnews/3183505
dcard,公視新聞網,出刊32年走入歷史 聯合晚報明起停刊,"郭俊麟,黃怡菁,郭品慈",2020-06-01 13:00:00,https://news.pts.org.tw/article/481073
dcard,自由時報電子報,幕後花絮曝光驚人秘密！54歲金喜愛被公開穿「XS號」神話：只能跪了,劉雅嫺,2020-06-01 13:00:00,https://istyle.ltn.com.tw/article/13679
dcard,公視新聞網,退避權入法 台南率先舉行消防訓練講習,溫正衡,2020-06-01 13:00:00,https://news.pts.org.tw/article/481092
dcard,公視新聞網,世界環境日前夕 環團籲速成立環境資源部,"林靜梅,陳昌維",2020-06-01 13:00:00,https://news.pts.org.tw/article/481089
dcard,公視新聞網,港股早盤勁揚.亞股跟進 台股開高走高,公視新聞網,2020-06-01 13:00:00,https://news.pts.org.tw/article/481086
dcard,公視新聞網,聲援佛洛伊德 桑喬進球脫衣秀字吃黃牌,公視新聞網,2020-06-01 13:00:00,https://news.pts.org.tw/article/481080
dcard,公視新聞網,高市1特教師遭檢舉不適任 申請介聘遭拒,溫嘉楷,2020-06-01 13:00:00,https://news.pts.org.tw/article/481083
dcard,公視新聞網,花生收成期遇連日大雨 雲林災損近5成,王威雄,2020-06-01 13:00:00,https://news.pts.org.tw/article/481072
dcard,中廣新聞網,對流雲系發展旺盛　氣象局對北北基15縣市發大雨特報,中廣新聞網,2020-06-01 13:00:00,http://www.bcc.com.tw/newsView.4223189
dcard,三立新聞網,聯晚明停刊！周玉蔻曾任採訪主任…曝建議轉型卻被她說一句,政治中心,2020-06-01 13:00:00,https://www.setn.com/News.aspx?NewsID=753988
dcard,公視新聞網,GCTF5週年 台美日三方發表聯合聲明,公視新聞網,2020-06-01 13:00:00,https://news.pts.org.tw/article/481087
dcard,科技新報,佛洛伊德之死在美抗議頻傳，Google 決議延期發表 Android 11 Beta,陳 冠榮,2020-06-01 13:00:00,https://technews.tw/2020/06/01/google-delays-the-android-11-beta-announcement-as-protests-roil-us-cities/
dcard,蕃薯藤yam,胡蘿蔔吃太多會中毒？食藥署揭真相,優活健康網新聞部,2020-06-01 13:00:00,https://n.yam.com/Article/20200601894000
dcard,公視新聞網,夏季電價啟動 每戶每月平均多410元,公視新聞網,2020-06-01 13:00:00,https://news.pts.org.tw/article/481075
dcard,公視新聞網,北市今宣布各場館解封 校園仍暫緩開放,"郭采彥,沈志明,/",2020-06-01 13:00:00,https://news.pts.org.tw/article/481078
dcard,公視新聞網,台中舊市場倉庫深夜大火 26攤位受波及,"林健生,王龍韜",2020-06-01 13:00:00,https://news.pts.org.tw/article/481071
dcard,HiNet新聞,胡蘿蔔吃太多會中毒？食藥署揭真相,優活健康網,2020-06-01 13:00:00,https://times.hinet.net/news/22921899
dcard,華視新聞網,各地高溫炎熱夏季電價今啟動,華視新聞網,2020-06-01 13:00:00,https://news.cts.com.tw/cts/weather/202006/202006012002363.html
dcard,蕃薯藤yam,BLACKPINK成員ROSÉ×LISA×JISOO 確定陸續發行SOLO歌曲,Wow!NEWS,2020-06-01 13:00:00,https://n.yam.com/Article/20200601602037
dcard,蕃薯藤yam,乳癌檢測新進展！日本神戶大學研發一滴眼淚驗出癌細胞,王芊淩,2020-06-01 13:00:00,https://n.yam.com/Article/20200601915681
dcard,中國時報電子報,新婚嫩妻3度出軌 遭夫抓姦竟辯：想玩男人,張國欽,2020-06-01 13:00:00,https://www.chinatimes.com/realtimenews/20200601002678-260402
dcard,PChome新聞,胡蘿蔔吃太多會中毒？食藥署揭真相,優活健康網新聞部／綜合報導,2020-06-01 13:00:00,http://news.pchome.com.tw/healthcare/uho/20200601/index-15909876003350059012.html
dcard,三立新聞網,見縫插針！美動亂中國隔岸觀火　央視：美政客「報應」來了,簡雪惠,2020-06-01 13:00:00,https://www.setn.com/News.aspx?NewsID=753951
dcard,奇摩新聞,胡蘿蔔吃太多會中毒？食藥署揭真相,優活健康網,2020-06-01 13:00:00,https://tw.news.yahoo.com/%E8%83%A1%E8%98%BF%E8%94%94%E5%90%83%E5%A4%AA%E5%A4%9A%E6%9C%83%E4%B8%AD%E6%AF%92-%E9%A3%9F%E8%97%A5%E7%BD%B2%E6%8F%AD%E7%9C%9F%E7%9B%B8-050000328.html
dcard,經濟日報,美中情局解密文件：蔣孝嚴為蔣經國之子,周世惠,2020-06-01 13:00:00,https://money.udn.com/money/story/7307/4605131
dcard,上報,6/1 口罩解禁！四大超商、家樂福、愛買、好市多 7 家通路販售方式懶人包,林冠伶,2020-06-01 13:00:00,https://www.upmedia.mg/news_info.php?SerialNo=88609
dcard,新浪新聞,後疫情時代 新加坡成立辦事處力推數位轉型,中央社,2020-06-01 13:00:00,https://news.sina.com.tw/article/20200601/35330302.html
dcard,經濟日報,對流雲系發展旺盛  15縣市大雨特報,余曉涵,2020-06-01 13:00:00,https://money.udn.com/money/story/12524/4605130
dcard,奇摩新聞,Samsung 的新一代 Galaxy Watch 被發現在 FCC 出現,Engadget中文版,2020-06-01 13:00:00,https://tw.news.yahoo.com/samsung-%E7%9A%84%E6%96%B0-%E4%BB%A3-galaxy-watch-050000492.html
dcard,LINE TODAY,傷心、傷腦、還傷體重！10個行動步驟打倒嗜糖壞習慣,凡妮‧哈里（食安運動部落客）,2020-06-01 13:00:00,https://today.line.me/tw/article/傷心、傷腦、還傷體重！10個行動步驟打倒嗜糖壞習慣-zkQDJ7
dcard,奇摩新聞,對流雲系發展旺盛 氣象局對北北基15縣市發大雨特報,中廣新聞網,2020-06-01 13:00:02,https://tw.news.yahoo.com/%E5%B0%8D%E6%B5%81%E9%9B%B2%E7%B3%BB%E7%99%BC%E5%B1%95%E6%97%BA%E7%9B%9B-%E6%B0%A3%E8%B1%A1%E5%B1%80%E5%B0%8D%E5%8C%97%E5%8C%97%E5%9F%BA15%E7%B8%A3%E5%B8%82%E7%99%BC%E5%A4%A7%E9%9B%A8%E7%89%B9%E5%A0%B1-050002555.html
dcard,PChome新聞,搶救國旅超前部署 專家建議：與防疫良好國家結盟,【民視新聞】,2020-06-01 13:00:02,http://news.pchome.com.tw/living/ftv/20200601/index-15909876022362719009.html
dcard,PChome新聞,演員脫口「我中國我驕傲」遭砲轟 劇團回應：遺憾被斷章取義,【民視新聞】,2020-06-01 13:00:02,http://news.pchome.com.tw/living/ftv/20200601/index-15909876024308919009.html
dcard,engadget中文版,Samsung 的新一代 Galaxy Watch 被發現在 FCC 出現,Eric Chan,2020-06-01 13:00:08,https://chinese.engadget.com/chinese-2020-06-01-samsung-galaxy-watch-2020-fcc.html
dcard,MSN,1張照洩「比賈靜雯還美」！崔佩儀入圍港都小姐往事曝,王雅惠,2020-06-01 13:00:13,https://www.msn.com/zh-tw/news/other/1張照洩「比賈靜雯還美」！崔佩儀入圍港都小姐往事曝/ar-BB14ReZz
dcard,PChome新聞,免受排隊購票之苦 新竹林管處轄屬國家森林遊樂區電子門票開賣!,勁報記者羅蔚舟／新竹報導,2020-06-01 13:00:17,http://news.pchome.com.tw/travel/twpowernews/20200601/index-15909876170299047015.html
dcard,PChome新聞,後疫情時代 新加坡成立辦事處力推數位轉型,中央社新加坡1日綜合外電報導,2020-06-01 13:00:18,http://news.pchome.com.tw/internation/cna/20200601/index-15909876180968718011.html
dcard,大紀元,紐約投行交易員預計本月下旬回總部上班,黃小堂,2020-06-01 13:00:25,https://www.epochtimes.com/b5/20/6/1/n12151647.htm
dcard,奇摩新聞,乳癌檢測新進展！日本神戶大學研發一滴眼淚驗出癌細胞,Heho健康網,2020-06-01 13:00:28,https://tw.news.yahoo.com/%E4%B9%B3%E7%99%8C%E6%AA%A2%E6%B8%AC%E6%96%B0%E9%80%B2%E5%B1%95-%E6%97%A5%E6%9C%AC%E7%A5%9E%E6%88%B6%E5%A4%A7%E5%AD%B8%E7%A0%94%E7%99%BC-%E6%BB%B4%E7%9C%BC%E6%B7%9A%E9%A9%97%E5%87%BA%E7%99%8C%E7%B4%B0%E8%83%9E-050028817.html
dcard,奇摩新聞,救兒落水父遺體找到 妻女崩潰哭斷腸,三立新聞網 setn.com,2020-06-01 13:00:29,https://tw.news.yahoo.com/%E9%9B%99%E6%BA%AA%E6%95%91%E5%85%92%E5%8B%87%E7%88%B6%E6%89%BE%E5%88%B0%E4%BA%86-%E5%A6%BB%E5%A5%B3%E5%B4%A9%E6%BD%B0%E5%93%AD%E6%96%B7%E8%85%B8-041256062.html
dcard,奇摩新聞,業力迴向 俄中伊朗狂酸美發生反警暴示威潮,Yahoo奇摩（即時新聞）,2020-06-01 13:00:31,https://tw.news.yahoo.com/%E6%A5%AD%E5%8A%9B%E8%BF%B4%E5%90%91-%E4%BF%84%E4%B8%AD%E4%BC%8A%E6%9C%97%E7%8B%82%E9%85%B8%E7%BE%8E%E7%99%BC%E7%94%9F%E5%8F%8D%E8%AD%A6%E6%9A%B4%E7%A4%BA%E5%A8%81%E6%BD%AE-050031416.html
dcard,民視新聞,後疫情時代國旅抬頭！ 綠委邀產官學座談,民視新聞,2020-06-01 13:00:39,https://www.ftvnews.com.tw/API/MetaInfo.aspx?id=2020601P04M1
dcard,民視新聞,上波梅雨解渴！日月潭「九蛙」淹了一隻,張家維,2020-06-01 13:00:39,https://www.ftvnews.com.tw/API/MetaInfo.aspx?id=2020601C04M1
dcard,民視新聞,熱帶風暴襲擊中美洲！薩爾瓦多總統宣布緊急狀態,林昀嫻,2020-06-01 13:00:39,https://www.ftvnews.com.tw/API/MetaInfo.aspx?id=2020601I06M1
dcard,MSN,w-inds.緒方龍一罹患「身心症」 宣布退團粉絲超錯愕,溫雅雯,2020-06-01 13:00:48,https://www.msn.com/zh-tw/news/national/w-inds緒方龍一罹患「身心症」-宣布退團粉絲超錯愕/ar-BB14RrXD
dcard,奇摩新聞,w-inds.緒方龍一罹患「身心症」 宣布退團粉絲超錯愕,鏡週刊Mirror Media,2020-06-01 13:00:48,https://tw.news.yahoo.com/w-inds-%E7%B7%92%E6%96%B9%E9%BE%8D-%E7%BD%B9%E6%82%A3-%E8%BA%AB%E5%BF%83%E7%97%87-050048715.html
dcard,MSN,w-inds.緒方龍一罹患「身心症」 宣布退團粉絲超錯愕,溫雅雯,2020-06-01 13:00:48,https://www.msn.com/zh-tw/news/other/w-inds緒方龍一罹患「身心症」-宣布退團粉絲超錯愕/ar-BB14RrXD
dcard,JUKSY,誰說男生帶珠寶很娘？你愛的饒舌歌手標配非它不可！讓周湯豪教你這 3 招沒 Gold Chain 照樣霸氣爆棚！,Meihsin,2020-06-01 13:00:57,https://www.juksy.com/archives/100764
dcard,大紀元,渡邊麻友因健康因素退出演藝圈 公司：莫臆測,曾薇心,2020-06-01 13:00:58,https://www.epochtimes.com/b5/20/6/1/n12151596.htm
mobile01,單車|自行車週邊與保養改裝,路邊送的車把帶,瘦的狠,2020-06-01 13:03:00,https://www.mobile01.com/topicdetail.php?f=318&t=6106451
mobile01,閒聊|閒聊與趣味,當地人才知道的秘景沙灘碰撞聲音=清澈度,MOMO摸摸,2020-06-01 13:03:00,https://www.mobile01.com/topicdetail.php?f=37&t=6106453
mobile01,旅遊美食|旅遊美食其他討論,迎夏日！哈根達斯獨家新品、台北敦南新店面同步登場,Martin,2020-06-01 13:09:00,https://www.mobile01.com/topicdetail.php?f=345&t=6106454
mobile01,時尚|造型與保養,洗臉很重要、洗臉很重要、洗臉很重要，強調三次,harlen1031,2020-06-01 13:10:00,https://www.mobile01.com/topicdetail.php?f=301&t=6106455
mobile01,時事|台灣新聞,五毛很忙！全美暴動爭民權，中國網軍反串狂洗「光復美國」,ebola01,2020-06-01 13:10:00,https://www.mobile01.com/topicdetail.php?f=638&t=6106456
mobile01,運動、空拍、攝影機|影片後製與剪輯,安卓手機版威力導演app是否有音訊同步功能,hubertevelyn,2020-06-01 13:11:00,https://www.mobile01.com/topicdetail.php?f=553&t=6106458
mobile01,時事|國際新聞,奇美拉(負面外星人)正在資助伊隆·馬斯克的星鏈計劃。-奇美拉打算利用星鏈衛星加強隔離地球的電磁柵欄:,vn51,2020-06-01 13:11:00,https://www.mobile01.com/topicdetail.php?f=780&t=6106457
mobile01,時事|國際新聞,中印邊境衝突升高！解放軍遭印度士兵打爆頭被俘！！,ebola01,2020-06-01 13:13:00,https://www.mobile01.com/topicdetail.php?f=780&t=6106460
mobile01,影音|高畫質視界,請益主要用來打PS4的電視需求,Kentyo,2020-06-01 13:14:00,https://www.mobile01.com/topicdetail.php?f=347&t=6106461
mobile01,顯示設備|電腦螢幕,"LGCX48""OLED適合當電腦螢幕嗎？",HappyNewYear,2020-06-01 13:15:00,https://www.mobile01.com/topicdetail.php?f=350&t=6106463
pixnet,啾啾老闆！來一份雞屁股！,台南宵夜 青菜、飲料免費只要150元起 大老爺韓國烤肉,小雞,2020-06-01 13:02:00,https://little15.pixnet.net/blog/post/49367130
